tid,algo,outlier_rate,missing_rate,seed,duration,fisher_dist,frobenius_rel,err_mu,n_iter,converged
0,MICE + SCM_robust,0.0,0.0,0,0.02243947982788086,3.3173411788942944,0.517480637783898,0.32526605993424346,,True
1,MICE + SCM_robust,0.0,0.0,1,0.018672704696655273,3.0870553888720678,0.4998741248889431,0.4013182262439861,,True
2,MICE + SCM_robust,0.0,0.0,2,0.01996636390686035,3.1796105103116803,0.48067658009255126,0.261751083945784,,True
3,MICE + SCM_robust,0.0,0.0,3,0.015000104904174805,3.1910888690633032,0.4898913687555426,0.3225856044064686,,True
4,MICE + SCM_robust,0.0,0.0,4,0.02039647102355957,3.822057519895248,0.5679109057690581,0.33034413626645026,,True
5,MICE + SCM_robust,0.0,0.0,5,0.02343153953552246,3.340214162468266,0.5073427423439251,0.3374765276759761,,True
6,MICE + SCM_robust,0.0,0.0,6,0.015461444854736328,3.345947177782507,0.5092244092401584,0.34011743101986414,,True
7,MICE + SCM_robust,0.0,0.0,7,0.021509170532226562,3.6370712904719253,0.5459024204711355,0.3438165558647342,,True
8,MICE + SCM_robust,0.0,0.0,8,0.021114587783813477,3.204762125616446,0.4952215611587511,0.3675792420112747,,True
9,MICE + SCM_robust,0.0,0.0,9,0.0213165283203125,3.7025816816071013,0.548417649881646,0.25609767764276714,,True
10,MICE + SCM_robust,0.0,0.0,10,0.013669967651367188,3.7685476467307426,0.5477556982247166,0.4179336747099653,,True
11,MICE + SCM_robust,0.0,0.0,11,0.014287710189819336,3.2310130969623354,0.4916834469047665,0.2736814699963205,,True
12,MICE + SCM_robust,0.0,0.0,12,0.02151775360107422,2.9324603681267605,0.47272651885772327,0.29954505635485607,,True
13,MICE + SCM_robust,0.0,0.0,13,0.022616147994995117,3.5515475743537968,0.5313546428654248,0.33334678371436643,,True
14,MICE + SCM_robust,0.0,0.0,14,0.016670703887939453,3.680701635134956,0.5455926426976961,0.32029612362904103,,True
15,MICE + SCM_robust,0.0,0.0,15,0.014159440994262695,3.6205296737888513,0.5355401486318934,0.256924368299799,,True
16,MICE + SCM_robust,0.0,0.0,16,0.018000364303588867,3.2890059382181147,0.5023509259837307,0.36030093859203643,,True
17,MICE + SCM_robust,0.0,0.0,17,0.01438140869140625,2.9852038833734564,0.4754878751514564,0.30841708294729697,,True
18,MICE + SCM_robust,0.0,0.0,18,0.01576852798461914,3.592525006247601,0.5368032457614957,0.2900272051512282,,True
19,MICE + SCM_robust,0.0,0.0,19,0.014307498931884766,3.6328688936127222,0.5424676746416991,0.4426723471155527,,True
20,MICE + SCM_robust,0.0,0.1,20,0.059354305267333984,2.985929869405452,0.43956159387922117,0.3272027908579827,,True
21,MICE + SCM_robust,0.0,0.1,21,0.06167268753051758,3.829098265109172,0.5341036537703377,0.3815210290718391,,True
22,MICE + SCM_robust,0.0,0.1,22,0.09008455276489258,3.458323919461116,0.4986974946064228,0.2879339901664309,,True
23,MICE + SCM_robust,0.0,0.1,23,0.057707786560058594,3.378422123858191,0.4900944574707779,0.2576497705913957,,True
24,MICE + SCM_robust,0.0,0.1,24,0.09138035774230957,3.4923979125012465,0.5016419346496248,0.2688559901909813,,True
25,MICE + SCM_robust,0.0,0.1,25,0.09637689590454102,3.1986212737882846,0.47404819731305176,0.36457235610946576,,True
26,MICE + SCM_robust,0.0,0.1,26,0.08886909484863281,3.5136647127763942,0.5055401896807661,0.3677151427908102,,True
27,MICE + SCM_robust,0.0,0.1,27,0.09409213066101074,3.5754324544431975,0.49992789417081207,0.36876605622115416,,True
28,MICE + SCM_robust,0.0,0.1,28,0.0933077335357666,3.68853074382414,0.5240675127603028,0.3379926060434159,,True
29,MICE + SCM_robust,0.0,0.1,29,0.10647392272949219,3.2796172621301736,0.4766626086085464,0.507557753574384,,True
30,MICE + SCM_robust,0.0,0.1,30,0.09057331085205078,3.7182924962013777,0.5122801024438267,0.3157035735316663,,True
31,MICE + SCM_robust,0.0,0.1,31,0.09401702880859375,3.2460323179646404,0.47151032927428016,0.3414995909784677,,True
32,MICE + SCM_robust,0.0,0.1,32,0.09471988677978516,3.5072636904185335,0.5149013440005415,0.23483219303429154,,True
33,MICE + SCM_robust,0.0,0.1,33,0.09153223037719727,3.099057011559301,0.4689010081273579,0.18005093239910866,,True
34,MICE + SCM_robust,0.0,0.1,34,0.08951377868652344,4.136828821010057,0.5649865115709729,0.34244984967054337,,True
35,MICE + SCM_robust,0.0,0.1,35,0.08982658386230469,3.493942607409834,0.4969505932165265,0.4167419662787582,,True
36,MICE + SCM_robust,0.0,0.1,36,0.05906820297241211,3.4276000349094184,0.49038590254867104,0.3767091000621547,,True
37,MICE + SCM_robust,0.0,0.1,37,0.059198856353759766,3.1571888549178877,0.48323285838197877,0.32600438853329744,,True
38,MICE + SCM_robust,0.0,0.1,38,0.08990931510925293,3.5819861560682527,0.49149992043771007,0.3230172152503589,,True
39,MICE + SCM_robust,0.0,0.1,39,0.09117460250854492,3.526037026132508,0.499578401764105,0.325251153711853,,True
40,MICE + SCM_robust,0.0,0.2,40,0.09249687194824219,3.871501790093997,0.4948759153448507,0.28465629565836814,,True
41,MICE + SCM_robust,0.0,0.2,41,0.09152936935424805,4.224357655475522,0.5476553682346597,0.43698086831568594,,True
42,MICE + SCM_robust,0.0,0.2,42,0.08533263206481934,4.218262105110803,0.537034584819409,0.3664862228203737,,True
43,MICE + SCM_robust,0.0,0.2,43,0.1424393653869629,4.016258712751257,0.49971241406128136,0.3752683770026569,,True
44,MICE + SCM_robust,0.0,0.2,44,0.0836801528930664,4.057660901046158,0.5261047699730668,0.36503665709814903,,True
45,MICE + SCM_robust,0.0,0.2,45,0.18187856674194336,4.638955153023365,0.5627402316734527,0.46000040759535943,,True
46,MICE + SCM_robust,0.0,0.2,46,0.11937284469604492,3.860265520166681,0.5046395484599405,0.32321888347974703,,True
47,MICE + SCM_robust,0.0,0.2,47,0.14167547225952148,4.239468982025705,0.5274709901731797,0.37973138665014905,,True
48,MICE + SCM_robust,0.0,0.2,48,0.0901339054107666,3.9063390961945696,0.49526594458467743,0.3266409739237813,,True
49,MICE + SCM_robust,0.0,0.2,49,0.09076237678527832,4.210147535576526,0.5031806418733819,0.36396202292185176,,True
50,MICE + SCM_robust,0.0,0.2,50,0.13023781776428223,4.149141703901591,0.5102403999405657,0.340589573841907,,True
51,MICE + SCM_robust,0.0,0.2,51,0.14095592498779297,4.217198951422368,0.5295867537802075,0.3909230634355012,,True
52,MICE + SCM_robust,0.0,0.2,52,0.10462141036987305,3.8604375995827582,0.4883105849071624,0.4161887880062223,,True
53,MICE + SCM_robust,0.0,0.2,53,0.12119507789611816,4.164156782133218,0.5294317812038274,0.37091289356599433,,True
54,MICE + SCM_robust,0.0,0.2,54,0.14113521575927734,4.1513737862932345,0.49051165536436747,0.2853425345655421,,True
55,MICE + SCM_robust,0.0,0.2,55,0.12666630744934082,3.935261092925484,0.5180744696176477,0.4179281289501594,,True
56,MICE + SCM_robust,0.0,0.2,56,0.12711691856384277,4.037173241182109,0.500843091478976,0.36348005052848253,,True
57,MICE + SCM_robust,0.0,0.2,57,0.13595366477966309,3.8886470241532556,0.49626653712102375,0.3506930416074909,,True
58,MICE + SCM_robust,0.0,0.2,58,0.1384143829345703,4.06864980508495,0.4998525796714222,0.3768727109376664,,True
59,MICE + SCM_robust,0.0,0.2,59,0.11701226234436035,3.3494880689256754,0.45224485492317573,0.4257435555200955,,True
60,MICE + SCM_robust,0.025,0.0,60,0.024146080017089844,3.130409422781798,0.5364774138392051,0.40057506881058585,,True
61,MICE + SCM_robust,0.025,0.0,61,0.023342370986938477,3.3480374287561045,0.5561172931890834,0.3608426684654486,,True
62,MICE + SCM_robust,0.025,0.0,62,0.015404224395751953,3.526651295022075,0.547330900149313,0.3445788210237095,,True
63,MICE + SCM_robust,0.025,0.0,63,0.028603792190551758,2.878819159390599,0.49539176118641287,0.3479453353638685,,True
64,MICE + SCM_robust,0.025,0.0,64,0.016023874282836914,3.265411025918093,0.5366227966392885,0.3718995538597094,,True
65,MICE + SCM_robust,0.025,0.0,65,0.022660255432128906,2.928552435941986,0.5019373547876338,0.33264869532899266,,True
66,MICE + SCM_robust,0.025,0.0,66,0.016542434692382812,3.0389868290346236,0.5186135881980348,0.40996371446309227,,True
67,MICE + SCM_robust,0.025,0.0,67,0.015301704406738281,3.0605431478945166,0.5019687889062943,0.24229863350751119,,True
68,MICE + SCM_robust,0.025,0.0,68,0.015429019927978516,3.4137037346525094,0.5708006040377728,0.349001710874877,,True
69,MICE + SCM_robust,0.025,0.0,69,0.018038511276245117,3.693969307931316,0.5775747817140767,0.3192421490430301,,True
70,MICE + SCM_robust,0.025,0.0,70,0.014703035354614258,2.4753353412356653,0.45880490598123613,0.27737687257438703,,True
71,MICE + SCM_robust,0.025,0.0,71,0.015658855438232422,2.9000569689120432,0.5198480940104799,0.3427283288912483,,True
72,MICE + SCM_robust,0.025,0.0,72,0.016392230987548828,3.142115747375275,0.5282748868649411,0.3443002478725759,,True
73,MICE + SCM_robust,0.025,0.0,73,0.023637771606445312,2.9711868447066774,0.5001129770097814,0.36230481335653864,,True
74,MICE + SCM_robust,0.025,0.0,74,0.01822972297668457,3.434591779683025,0.5717384883121879,0.36539558709838704,,True
75,MICE + SCM_robust,0.025,0.0,75,0.023384571075439453,3.6156537341721204,0.5803485403132995,0.33723462808116667,,True
76,MICE + SCM_robust,0.025,0.0,76,0.016124248504638672,2.9973828846218034,0.5054530309021932,0.4243426073700421,,True
77,MICE + SCM_robust,0.025,0.0,77,0.01581597328186035,3.2747545879196487,0.5477838866487087,0.4932113534832836,,True
78,MICE + SCM_robust,0.025,0.0,78,0.018887996673583984,3.515853986811295,0.5661130057409683,0.4919154829494937,,True
79,MICE + SCM_robust,0.025,0.0,79,0.021154165267944336,2.9311861114903484,0.5138234134199124,0.4344495946907088,,True
80,MICE + SCM_robust,0.025,0.1,80,0.04526543617248535,3.2430220267550083,0.5415575536001697,0.5998912083991507,,True
81,MICE + SCM_robust,0.025,0.1,81,0.07031655311584473,3.2393572613008748,0.5426405688498224,0.5631107819625987,,True
82,MICE + SCM_robust,0.025,0.1,82,0.04311704635620117,3.2476929152045697,0.556955058470905,0.37530918145454567,,True
83,MICE + SCM_robust,0.025,0.1,83,0.05671215057373047,3.271004416542698,0.5424468197403842,0.39824901002633994,,True
84,MICE + SCM_robust,0.025,0.1,84,0.05603623390197754,3.2881493865682296,0.5437347753004477,0.4651597010533354,,True
85,MICE + SCM_robust,0.025,0.1,85,0.04482460021972656,2.9094480220940273,0.49794338795315957,0.3891115682511717,,True
86,MICE + SCM_robust,0.025,0.1,86,0.07348489761352539,3.2067273729316175,0.5507764693139623,0.466734155247984,,True
87,MICE + SCM_robust,0.025,0.1,87,0.08895254135131836,2.919248235438087,0.5111968015930639,0.3868705507526695,,True
88,MICE + SCM_robust,0.025,0.1,88,0.0568082332611084,3.160558356594335,0.5242919760095597,0.36966357247251364,,True
89,MICE + SCM_robust,0.025,0.1,89,0.0443873405456543,3.370218568528722,0.5823277145500699,0.42467171459714226,,True
90,MICE + SCM_robust,0.025,0.1,90,0.09065413475036621,3.2986758995365024,0.5315172849125422,0.3972908368961667,,True
91,MICE + SCM_robust,0.025,0.1,91,0.09195280075073242,3.5828406971407563,0.5765368374492618,0.3804978280418055,,True
92,MICE + SCM_robust,0.025,0.1,92,0.06998515129089355,2.4880625968169094,0.45288640642028555,0.29364439875117954,,True
93,MICE + SCM_robust,0.025,0.1,93,0.08664298057556152,3.6182066174801784,0.5703961943126544,0.4590950134972348,,True
94,MICE + SCM_robust,0.025,0.1,94,0.0888669490814209,3.1499207864787273,0.5202203908020998,0.46433226690632884,,True
95,MICE + SCM_robust,0.025,0.1,95,0.07600092887878418,3.381818397520407,0.5452246456876154,0.4510999342762148,,True
96,MICE + SCM_robust,0.025,0.1,96,0.04182791709899902,3.4992053458620993,0.561396500007572,0.3407914720032696,,True
97,MICE + SCM_robust,0.025,0.1,97,0.048746347427368164,3.059314831177453,0.5300328456712887,0.3482030776972965,,True
98,MICE + SCM_robust,0.025,0.1,98,0.0651702880859375,2.661850456965682,0.4654486535630552,0.4625819637962786,,True
99,MICE + SCM_robust,0.025,0.1,99,0.1352832317352295,3.3114338942005324,0.5453798693268732,0.49690075534817063,,True
100,MICE + SCM_robust,0.025,0.2,100,0.15812253952026367,3.690379195428113,0.5865549872378774,0.5563803281687889,,True
101,MICE + SCM_robust,0.025,0.2,101,0.09088706970214844,3.549149569508669,0.5652664947542155,0.5075051264425693,,True
102,MICE + SCM_robust,0.025,0.2,102,0.08348536491394043,3.6300669235819654,0.5768213009637059,0.5540665917310321,,True
103,MICE + SCM_robust,0.025,0.2,103,0.16804957389831543,3.242618725729024,0.5322279209553975,0.4409302213086272,,True
104,MICE + SCM_robust,0.025,0.2,104,0.08524417877197266,3.3920495040721925,0.5556934465231141,0.5475427198777922,,True
105,MICE + SCM_robust,0.025,0.2,105,0.1053764820098877,3.267428112294315,0.547826919863044,0.37004227837186093,,True
106,MICE + SCM_robust,0.025,0.2,106,0.23513174057006836,3.005768627397141,0.5011561022390624,0.5852512119482983,,True
107,MICE + SCM_robust,0.025,0.2,107,0.16622567176818848,3.0967021493344684,0.5227216791672518,0.4814803025569629,,True
108,MICE + SCM_robust,0.025,0.2,108,0.11106300354003906,3.407396538589795,0.5395496649327923,0.3868014381283265,,True
109,MICE + SCM_robust,0.025,0.2,109,0.12466883659362793,3.5558470806131752,0.5726834689579625,0.3894340093565991,,True
110,MICE + SCM_robust,0.025,0.2,110,0.0702812671661377,3.2329095436764534,0.5530822406676514,0.5120629680311999,,True
111,MICE + SCM_robust,0.025,0.2,111,0.08975386619567871,3.0315685107652546,0.5309345348741777,0.5124500526268848,,True
112,MICE + SCM_robust,0.025,0.2,112,0.2329871654510498,3.6810614441782907,0.5594218306890267,0.576220399154989,,True
113,MICE + SCM_robust,0.025,0.2,113,0.06057548522949219,3.0874148765120895,0.5207982857188661,0.4531241196403002,,True
114,MICE + SCM_robust,0.025,0.2,114,0.09898114204406738,3.2106612938540384,0.5381146435204263,0.4203649433679304,,True
115,MICE + SCM_robust,0.025,0.2,115,0.1503920555114746,3.170212265728088,0.5342090559964258,0.4854847727715289,,True
116,MICE + SCM_robust,0.025,0.2,116,0.16945624351501465,3.4601143018432223,0.5532692480285966,0.5588441558105948,,True
117,MICE + SCM_robust,0.025,0.2,117,0.14516448974609375,3.401463746526887,0.5559069999712063,0.4526638993924112,,True
118,MICE + SCM_robust,0.025,0.2,118,0.12648439407348633,3.55437353658745,0.572988968022344,0.5683663920186826,,True
119,MICE + SCM_robust,0.025,0.2,119,0.09012651443481445,3.160783911514463,0.5407392472574454,0.6546352606723284,,True
120,MICE + SCM_robust,0.05,0.0,120,0.026635408401489258,3.110556958161092,0.5358069144002652,0.3269514480296757,,True
121,MICE + SCM_robust,0.05,0.0,121,0.02460026741027832,3.303257981812555,0.5688086525533975,0.3292114894441504,,True
122,MICE + SCM_robust,0.05,0.0,122,0.024737119674682617,3.0418966549468642,0.5411729501397827,0.3236030017102088,,True
123,MICE + SCM_robust,0.05,0.0,123,0.02351546287536621,3.264223379941869,0.5662067300964843,0.3998735280153321,,True
124,MICE + SCM_robust,0.05,0.0,124,0.022787809371948242,3.551991052819675,0.5665501319163817,0.3982739237320438,,True
125,MICE + SCM_robust,0.05,0.0,125,0.023845672607421875,3.0512940817126877,0.552392137739828,0.40895910883862113,,True
126,MICE + SCM_robust,0.05,0.0,126,0.01556539535522461,2.8979127589452345,0.5205561127331063,0.3228224631933264,,True
127,MICE + SCM_robust,0.05,0.0,127,0.016116857528686523,3.2514959397295455,0.5716391095020974,0.47290049363973646,,True
128,MICE + SCM_robust,0.05,0.0,128,0.02396702766418457,3.2857970460674135,0.5728857155074368,0.26391413985709156,,True
129,MICE + SCM_robust,0.05,0.0,129,0.02405238151550293,3.6019040311364443,0.6005398698631026,0.22819503733490404,,True
130,MICE + SCM_robust,0.05,0.0,130,0.015504837036132812,3.045701079663172,0.5455712967894665,0.27945146107495195,,True
131,MICE + SCM_robust,0.05,0.0,131,0.01569342613220215,3.4740210524504755,0.5763265178078182,0.35879362371143597,,True
132,MICE + SCM_robust,0.05,0.0,132,0.015332937240600586,3.699055694595988,0.6088757388470134,0.2129731215886579,,True
133,MICE + SCM_robust,0.05,0.0,133,0.015671253204345703,3.3210653589727914,0.5879505161757838,0.3794592537825435,,True
134,MICE + SCM_robust,0.05,0.0,134,0.016332387924194336,3.1168732114626634,0.5516967400510955,0.39069836146999515,,True
135,MICE + SCM_robust,0.05,0.0,135,0.016486167907714844,3.4366504985847914,0.5664599899057846,0.380869876310772,,True
136,MICE + SCM_robust,0.05,0.0,136,0.02427506446838379,2.9779194890849934,0.534596523565676,0.4192122508407732,,True
137,MICE + SCM_robust,0.05,0.0,137,0.023972749710083008,3.496537498462697,0.5813326543068259,0.2936089298657749,,True
138,MICE + SCM_robust,0.05,0.0,138,0.026009798049926758,3.3629872036935167,0.5744182950574688,0.4290688778218076,,True
139,MICE + SCM_robust,0.05,0.0,139,0.023096084594726562,2.9104005690717405,0.5430961489963149,0.34253580078291435,,True
140,MICE + SCM_robust,0.05,0.1,140,0.071441650390625,2.91681710940681,0.5145145750641448,0.6475669574342522,,True
141,MICE + SCM_robust,0.05,0.1,141,0.07287025451660156,3.2500913074288817,0.5692646272493188,0.4365530454409321,,True
142,MICE + SCM_robust,0.05,0.1,142,0.07047557830810547,3.146349340872539,0.5510432499453705,0.5095918206179991,,True
143,MICE + SCM_robust,0.05,0.1,143,0.06639957427978516,3.4953660998082983,0.5874855194613887,0.5141863840180637,,True
144,MICE + SCM_robust,0.05,0.1,144,0.05694437026977539,2.9456231216917437,0.5099146325734621,0.5033131874425195,,True
145,MICE + SCM_robust,0.05,0.1,145,0.0718698501586914,3.0565142483165144,0.5529608380287517,0.545041778378949,,True
146,MICE + SCM_robust,0.05,0.1,146,0.08591485023498535,2.975366641689504,0.5601707214225312,0.5468419774242665,,True
147,MICE + SCM_robust,0.05,0.1,147,0.09146785736083984,3.1228068089299064,0.5353433937456195,0.4311693930541726,,True
148,MICE + SCM_robust,0.05,0.1,148,0.045063018798828125,3.6602665791789546,0.6106913547041501,0.7376202772166841,,True
149,MICE + SCM_robust,0.05,0.1,149,0.06427907943725586,3.1816826674201573,0.558840380911186,0.5744163059041509,,True
150,MICE + SCM_robust,0.05,0.1,150,0.04689621925354004,3.552571226272531,0.6074831345560084,0.40443866607316686,,True
151,MICE + SCM_robust,0.05,0.1,151,0.06087994575500488,3.384270447729133,0.5821802153174565,0.6242521004859523,,True
152,MICE + SCM_robust,0.05,0.1,152,0.05839872360229492,3.492629450302293,0.5819585656537365,0.6486947290750978,,True
153,MICE + SCM_robust,0.05,0.1,153,0.046186208724975586,3.485628466346326,0.6041447573398248,0.523575560145586,,True
154,MICE + SCM_robust,0.05,0.1,154,0.047358036041259766,3.4371051671062416,0.5780566736517426,0.6985025983783172,,True
155,MICE + SCM_robust,0.05,0.1,155,0.0456690788269043,3.1615470945867,0.5517389127381302,0.5768231981860552,,True
156,MICE + SCM_robust,0.05,0.1,156,0.10225629806518555,2.83403125683356,0.5301994086350003,0.5062069888533655,,True
157,MICE + SCM_robust,0.05,0.1,157,0.06973004341125488,3.5366669864789544,0.5796585196071661,0.39168532440227527,,True
158,MICE + SCM_robust,0.05,0.1,158,0.06649398803710938,3.5458310033434564,0.5938053083973761,0.5909087715331118,,True
159,MICE + SCM_robust,0.05,0.1,159,0.0641319751739502,3.2353020118115325,0.5510792896410571,0.43837851189193167,,True
160,MICE + SCM_robust,0.05,0.2,160,0.0760183334350586,2.943171936270515,0.5332477956955144,0.616713549876292,,True
161,MICE + SCM_robust,0.05,0.2,161,0.06028103828430176,3.330311189484677,0.5716402202259134,0.5937411622442929,,True
162,MICE + SCM_robust,0.05,0.2,162,0.09013605117797852,2.878054706325926,0.5271361181162776,0.5618700615428519,,True
163,MICE + SCM_robust,0.05,0.2,163,0.08745265007019043,3.2759037718720743,0.5836429169418912,0.881241381671832,,True
164,MICE + SCM_robust,0.05,0.2,164,0.06939244270324707,3.054621077395274,0.5332188495547504,0.65542508822812,,True
165,MICE + SCM_robust,0.05,0.2,165,0.06666016578674316,3.9511391944118825,0.6308508700391126,0.7805604330868994,,True
166,MICE + SCM_robust,0.05,0.2,166,0.12014627456665039,3.5864648275900564,0.5757237141203346,0.6318215231051365,,True
167,MICE + SCM_robust,0.05,0.2,167,0.10812878608703613,3.3168555401904443,0.5571794915317402,0.7495699052280199,,True
168,MICE + SCM_robust,0.05,0.2,168,0.1069488525390625,3.1347365238035514,0.5335165243797872,0.8107302808410483,,True
169,MICE + SCM_robust,0.05,0.2,169,0.12471270561218262,3.4181949824925515,0.5868121198020145,0.7175277312224475,,True
170,MICE + SCM_robust,0.05,0.2,170,0.10389375686645508,3.308556986072914,0.5738550630438253,0.5902663614915996,,True
171,MICE + SCM_robust,0.05,0.2,171,0.10512185096740723,3.6695808998875346,0.6024734995229807,0.6585421101519906,,True
172,MICE + SCM_robust,0.05,0.2,172,0.13005924224853516,3.289474020043557,0.5706630980615697,0.5888250851732193,,True
173,MICE + SCM_robust,0.05,0.2,173,0.25978708267211914,3.54050342616737,0.5920967387573954,0.8761035406448089,,True
174,MICE + SCM_robust,0.05,0.2,174,0.10970878601074219,3.3522424188976863,0.5891330912888665,0.6702711766167013,,True
175,MICE + SCM_robust,0.05,0.2,175,0.08410930633544922,3.412343184202751,0.5766973327385122,0.8438484746626016,,True
176,MICE + SCM_robust,0.05,0.2,176,0.24677395820617676,3.526290801035241,0.5858169635466892,0.7353404232288484,,True
177,MICE + SCM_robust,0.05,0.2,177,0.1693592071533203,3.075283098731541,0.5526306847319747,0.552097276397369,,True
178,MICE + SCM_robust,0.05,0.2,178,0.10758209228515625,3.43971291430994,0.5859626482889179,0.6658167698919445,,True
179,MICE + SCM_robust,0.05,0.2,179,0.08701825141906738,3.568547404310567,0.5837812507699307,0.6272443238003199,,True
180,MICE + SCM_robust,0.075,0.0,180,0.025423049926757812,3.0874868221119884,0.5575500035328018,0.31945377996303376,,True
181,MICE + SCM_robust,0.075,0.0,181,0.02458477020263672,3.5726700060030576,0.6112688359156255,0.3972562580660915,,True
182,MICE + SCM_robust,0.075,0.0,182,0.016252517700195312,3.4500846368388243,0.5902492791025724,0.3999386457324164,,True
183,MICE + SCM_robust,0.075,0.0,183,0.01634836196899414,3.660718977597446,0.6275446092570202,0.3773867978605262,,True
184,MICE + SCM_robust,0.075,0.0,184,0.024425506591796875,3.150429589654844,0.5753380949681255,0.3281496310306931,,True
185,MICE + SCM_robust,0.075,0.0,185,0.027987957000732422,3.0031643992658665,0.5427548882117461,0.351750218262543,,True
186,MICE + SCM_robust,0.075,0.0,186,0.016452550888061523,3.6422660256985044,0.6281414279358543,0.4299962097596479,,True
187,MICE + SCM_robust,0.075,0.0,187,0.017249584197998047,3.3439454421114347,0.5870050087061409,0.2947595549751819,,True
188,MICE + SCM_robust,0.075,0.0,188,0.016817569732666016,3.215639554045656,0.5828045095501891,0.3851277401816061,,True
189,MICE + SCM_robust,0.075,0.0,189,0.01628851890563965,2.894258706625709,0.5404357952521518,0.44128737784719674,,True
190,MICE + SCM_robust,0.075,0.0,190,0.01688528060913086,3.470642038112472,0.6017345492003263,0.34360337798444957,,True
191,MICE + SCM_robust,0.075,0.0,191,0.017042875289916992,3.372013419222787,0.6049318088676175,0.3891570914961046,,True
192,MICE + SCM_robust,0.075,0.0,192,0.0170285701751709,3.136014909348368,0.5551503269684689,0.3274329485492014,,True
193,MICE + SCM_robust,0.075,0.0,193,0.0168609619140625,3.141646487629207,0.5705508166504679,0.36537412347685644,,True
194,MICE + SCM_robust,0.075,0.0,194,0.016793251037597656,3.5560057403727234,0.6168609798295669,0.4160216505387524,,True
195,MICE + SCM_robust,0.075,0.0,195,0.01648569107055664,3.4521961411434114,0.5773237059940256,0.23231275604826251,,True
196,MICE + SCM_robust,0.075,0.0,196,0.02432417869567871,3.287491534778541,0.5798518527587209,0.2797625524682219,,True
197,MICE + SCM_robust,0.075,0.0,197,0.023493289947509766,3.3583820859938327,0.5855895510671608,0.3793227448967731,,True
198,MICE + SCM_robust,0.075,0.0,198,0.015842676162719727,3.366729062300598,0.5736849224401875,0.5692334230884425,,True
199,MICE + SCM_robust,0.075,0.0,199,0.01647663116455078,3.6402804821751977,0.5900034561604836,0.3926346796301923,,True
200,MICE + SCM_robust,0.075,0.1,200,0.0670783519744873,2.9986969036413895,0.5316885770150362,0.5525886115170772,,True
201,MICE + SCM_robust,0.075,0.1,201,0.06360507011413574,3.3255682673123226,0.580538304352187,0.6791517574307323,,True
202,MICE + SCM_robust,0.075,0.1,202,0.06669116020202637,3.5327801693788534,0.5849519948076125,0.5618636119814424,,True
203,MICE + SCM_robust,0.075,0.1,203,0.07028317451477051,3.404047153281316,0.5780585684386019,0.5426795190350481,,True
204,MICE + SCM_robust,0.075,0.1,204,0.046436309814453125,2.762730496680321,0.5348451681509729,0.40848570826775293,,True
205,MICE + SCM_robust,0.075,0.1,205,0.0621647834777832,3.6792310703097764,0.6112652467710606,0.6616620072631293,,True
206,MICE + SCM_robust,0.075,0.1,206,0.04626131057739258,3.926324050721342,0.627493358334275,0.6515687808732512,,True
207,MICE + SCM_robust,0.075,0.1,207,0.04322552680969238,3.3621065225822457,0.5734096284933229,0.5269161584645489,,True
208,MICE + SCM_robust,0.075,0.1,208,0.04835152626037598,3.6383942065235484,0.6066690316157308,0.7272975021212218,,True
209,MICE + SCM_robust,0.075,0.1,209,0.04843473434448242,3.424466978119711,0.5896728844371635,0.6299073461292379,,True
210,MICE + SCM_robust,0.075,0.1,210,0.04373669624328613,3.6672196226475346,0.6037565865665656,0.5643420151790671,,True
211,MICE + SCM_robust,0.075,0.1,211,0.04425692558288574,3.562877341822837,0.6104647838900134,0.5765874981016077,,True
212,MICE + SCM_robust,0.075,0.1,212,0.07032489776611328,3.585722189924073,0.6075021714938101,0.7076263874145444,,True
213,MICE + SCM_robust,0.075,0.1,213,0.06748437881469727,3.5547849781676617,0.6087607598422525,0.7091032988681347,,True
214,MICE + SCM_robust,0.075,0.1,214,0.06576132774353027,3.5242563254238317,0.5953003123618577,0.7668393438482624,,True
215,MICE + SCM_robust,0.075,0.1,215,0.06502079963684082,3.45784782286436,0.6089906103317142,0.7055708128416794,,True
216,MICE + SCM_robust,0.075,0.1,216,0.04583597183227539,3.4220895560507314,0.6074060767010433,0.8166379605905062,,True
217,MICE + SCM_robust,0.075,0.1,217,0.043126583099365234,3.7671067467440587,0.637288179398392,0.5310290543219424,,True
218,MICE + SCM_robust,0.075,0.1,218,0.04404020309448242,3.203492493087807,0.5627452871383763,0.7064314437161505,,True
219,MICE + SCM_robust,0.075,0.1,219,0.04337191581726074,2.8010517387527427,0.5360241829168682,0.5656587387599297,,True
220,MICE + SCM_robust,0.075,0.2,220,0.05700397491455078,3.708700240508653,0.6168254100237957,0.8447523051175972,,True
221,MICE + SCM_robust,0.075,0.2,221,0.058188676834106445,3.1476302413184047,0.5581480939463503,0.8824402173942887,,True
222,MICE + SCM_robust,0.075,0.2,222,0.05896615982055664,3.408319630172342,0.5869571016570837,1.0863064527502333,,True
223,MICE + SCM_robust,0.075,0.2,223,0.04555845260620117,3.438475785231192,0.5972493856716204,0.9565469689713948,,True
224,MICE + SCM_robust,0.075,0.2,224,0.0843350887298584,3.408712926685688,0.5823062841660652,0.6239231215855394,,True
225,MICE + SCM_robust,0.075,0.2,225,0.05832386016845703,3.789655721636765,0.6251295586338558,0.8764117105503583,,True
226,MICE + SCM_robust,0.075,0.2,226,0.06951570510864258,3.5810975265715475,0.5902922799038316,0.9221142520911901,,True
227,MICE + SCM_robust,0.075,0.2,227,0.05983996391296387,3.162247742899646,0.5528019127973216,0.9062278485523719,,True
228,MICE + SCM_robust,0.075,0.2,228,0.05820178985595703,3.308296947931164,0.594223579287501,0.6446240570265542,,True
229,MICE + SCM_robust,0.075,0.2,229,0.07795023918151855,3.3441026834018066,0.5707158436954238,0.8289663370394468,,True
230,MICE + SCM_robust,0.075,0.2,230,0.0833890438079834,3.7364520756259285,0.6221638770106638,0.9609105918897021,,True
231,MICE + SCM_robust,0.075,0.2,231,0.04367804527282715,3.5150318989984948,0.6129320027594003,0.9999874439489345,,True
232,MICE + SCM_robust,0.075,0.2,232,0.11415719985961914,3.376416108418559,0.5752260111100284,0.5517445312739575,,True
233,MICE + SCM_robust,0.075,0.2,233,0.08289170265197754,3.308011362151481,0.5685244576967661,0.40812486657363056,,True
234,MICE + SCM_robust,0.075,0.2,234,0.10281062126159668,3.605791260800407,0.5973348713801774,0.6560351966159291,,True
235,MICE + SCM_robust,0.075,0.2,235,0.06691241264343262,3.423166234313572,0.5821218502001283,1.1579600222697393,,True
236,MICE + SCM_robust,0.075,0.2,236,0.08690643310546875,3.1512290127769553,0.5519994740696988,0.6589939886125022,,True
237,MICE + SCM_robust,0.075,0.2,237,0.14829659461975098,2.8526376939839353,0.5097481506348384,0.44337400008018085,,True
238,MICE + SCM_robust,0.075,0.2,238,0.07058906555175781,3.917311777132241,0.642647901305998,1.046874917827981,,True
239,MICE + SCM_robust,0.075,0.2,239,0.11541366577148438,3.1270105605215726,0.5624211315916422,0.8915980740478834,,True
240,MICE + SCM_robust,0.1,0.0,240,0.025157928466796875,3.274641509114254,0.5970739133821894,0.4775044409661154,,True
241,MICE + SCM_robust,0.1,0.0,241,0.024121522903442383,3.3956910718441207,0.5928457076705811,0.35092191127457906,,True
242,MICE + SCM_robust,0.1,0.0,242,0.023769855499267578,3.27882409017888,0.5983396679475733,0.2938386090565911,,True
243,MICE + SCM_robust,0.1,0.0,243,0.02466416358947754,3.7253887294416828,0.6255980046521598,0.387845497998845,,True
244,MICE + SCM_robust,0.1,0.0,244,0.025706052780151367,3.1975738029571654,0.5649023573320799,0.3623740587540118,,True
245,MICE + SCM_robust,0.1,0.0,245,0.024722814559936523,2.989266704962578,0.5589171799730922,0.3525765374053869,,True
246,MICE + SCM_robust,0.1,0.0,246,0.02475595474243164,3.200013631015592,0.5611327559440301,0.5254784326627884,,True
247,MICE + SCM_robust,0.1,0.0,247,0.025080442428588867,3.355683353767278,0.602787846406937,0.41098807497379053,,True
248,MICE + SCM_robust,0.1,0.0,248,0.025532960891723633,3.4093308324262352,0.5858603708471193,0.40043099354227185,,True
249,MICE + SCM_robust,0.1,0.0,249,0.025394678115844727,3.2994807288548773,0.5921048789451128,0.3288193453563979,,True
250,MICE + SCM_robust,0.1,0.0,250,0.024445533752441406,3.361623945691272,0.5956478359037573,0.34445185102763487,,True
251,MICE + SCM_robust,0.1,0.0,251,0.024297475814819336,2.9741835063686963,0.5787501744614862,0.42360239846490594,,True
252,MICE + SCM_robust,0.1,0.0,252,0.016698837280273438,3.656788194418055,0.623983256991084,0.43997421431757955,,True
253,MICE + SCM_robust,0.1,0.0,253,0.016824722290039062,3.4928408619034954,0.6081808714837256,0.3710158229414457,,True
254,MICE + SCM_robust,0.1,0.0,254,0.019330263137817383,3.648111844629852,0.6101162318045735,0.3803269033869918,,True
255,MICE + SCM_robust,0.1,0.0,255,0.017791032791137695,3.393738824511359,0.6015734026785098,0.40439150157617443,,True
256,MICE + SCM_robust,0.1,0.0,256,0.01647472381591797,3.7392129220518164,0.6035008113693494,0.3009167362870341,,True
257,MICE + SCM_robust,0.1,0.0,257,0.017527103424072266,3.9989209042839167,0.6482145259625206,0.4319718351029542,,True
258,MICE + SCM_robust,0.1,0.0,258,0.016361236572265625,3.211080207081817,0.5699342657375913,0.3073635455808354,,True
259,MICE + SCM_robust,0.1,0.0,259,0.017484426498413086,3.4692643636046916,0.5960837156558345,0.348157766848868,,True
260,MICE + SCM_robust,0.1,0.1,260,0.04947853088378906,3.540028450309551,0.5934506483412129,0.6059141230545203,,True
261,MICE + SCM_robust,0.1,0.1,261,0.0480036735534668,3.661066645329243,0.6283704545844325,0.612410503504529,,True
262,MICE + SCM_robust,0.1,0.1,262,0.04679298400878906,3.6648412098206964,0.6169877513481835,0.48918698031561847,,True
263,MICE + SCM_robust,0.1,0.1,263,0.04907393455505371,2.939887711530638,0.5391207439388002,0.6554752235571575,,True
264,MICE + SCM_robust,0.1,0.1,264,0.07519149780273438,2.9997332971694166,0.5839037186529632,0.6690157638798937,,True
265,MICE + SCM_robust,0.1,0.1,265,0.07139062881469727,3.059178155540692,0.5670285254454674,0.5563370445549138,,True
266,MICE + SCM_robust,0.1,0.1,266,0.0726327896118164,3.2865959538728022,0.5928238702795018,0.685214224080283,,True
267,MICE + SCM_robust,0.1,0.1,267,0.07390141487121582,3.4486964937558864,0.5728408381083939,0.5544608214527924,,True
268,MICE + SCM_robust,0.1,0.1,268,0.07068347930908203,3.5251030057264283,0.6117564264847937,0.802746584598099,,True
269,MICE + SCM_robust,0.1,0.1,269,0.06705927848815918,3.5599178752588494,0.5951971054467016,0.6661657977760364,,True
270,MICE + SCM_robust,0.1,0.1,270,0.0700831413269043,2.9586882251715108,0.5442044936625364,0.6248739379810189,,True
271,MICE + SCM_robust,0.1,0.1,271,0.07245087623596191,3.294805618314903,0.5813239434571186,0.6154133939285107,,True
272,MICE + SCM_robust,0.1,0.1,272,0.06925797462463379,3.867220914504894,0.6430226776145497,0.7412139831063439,,True
273,MICE + SCM_robust,0.1,0.1,273,0.04603719711303711,4.052662536194165,0.6563590347496936,0.8265720340280314,,True
274,MICE + SCM_robust,0.1,0.1,274,0.04783320426940918,3.599885311527266,0.5804757145837843,0.7970338949034782,,True
275,MICE + SCM_robust,0.1,0.1,275,0.07082509994506836,3.6120849096408705,0.5920007225125468,0.6458396389380234,,True
276,MICE + SCM_robust,0.1,0.1,276,0.05119204521179199,3.492661944555598,0.5973430162335137,0.7664416969159655,,True
277,MICE + SCM_robust,0.1,0.1,277,0.09319353103637695,2.9923588262067993,0.5593064772569929,0.6038751474960455,,True
278,MICE + SCM_robust,0.1,0.1,278,0.06750226020812988,3.5924210224727244,0.6194034255470053,0.5150569733250759,,True
279,MICE + SCM_robust,0.1,0.1,279,0.06761431694030762,2.8761360846819684,0.5354818213329323,0.5408879572719365,,True
280,MICE + SCM_robust,0.1,0.2,280,0.059340715408325195,3.750089686276612,0.6141568112401363,0.7872242693876781,,True
281,MICE + SCM_robust,0.1,0.2,281,0.06098127365112305,3.715346294334928,0.6196744872105487,1.1193650925947625,,True
282,MICE + SCM_robust,0.1,0.2,282,0.045835256576538086,3.337238465881599,0.5929724413744499,1.019676544648149,,True
283,MICE + SCM_robust,0.1,0.2,283,0.046576738357543945,3.2538386310565452,0.5884121517710713,1.036978108599836,,True
284,MICE + SCM_robust,0.1,0.2,284,0.10762619972229004,3.8788028125952447,0.6255112844607374,1.020937432818652,,True
285,MICE + SCM_robust,0.1,0.2,285,0.08968830108642578,3.3812176995205534,0.5992964950235922,0.7755247967546608,,True
286,MICE + SCM_robust,0.1,0.2,286,0.0854346752166748,3.221666855739995,0.5701174966787039,0.96935902647096,,True
287,MICE + SCM_robust,0.1,0.2,287,0.07028555870056152,3.5882185694243742,0.6015138576796286,0.7024114253477907,,True
288,MICE + SCM_robust,0.1,0.2,288,0.09563779830932617,3.5333494606124427,0.5793702452657062,0.8733566244256104,,True
289,MICE + SCM_robust,0.1,0.2,289,0.12041306495666504,3.584000997833452,0.5996352590767654,0.8825494576582418,,True
290,MICE + SCM_robust,0.1,0.2,290,0.10729384422302246,3.846266567989613,0.5987691741898261,0.7666391285694916,,True
291,MICE + SCM_robust,0.1,0.2,291,0.0899665355682373,2.9181027360347156,0.5512731118609232,0.7450068265386077,,True
292,MICE + SCM_robust,0.1,0.2,292,0.06730079650878906,3.4886739954674897,0.595097109142634,1.0134060304031272,,True
293,MICE + SCM_robust,0.1,0.2,293,0.13040614128112793,3.6298994158079694,0.61522096944906,0.7844089683237652,,True
294,MICE + SCM_robust,0.1,0.2,294,0.1151571273803711,3.566042778611754,0.6243343520070225,0.9508754001557295,,True
295,MICE + SCM_robust,0.1,0.2,295,0.09992241859436035,3.1545212139819157,0.5739509637006163,1.1261371397109774,,True
296,MICE + SCM_robust,0.1,0.2,296,0.06786751747131348,3.2380628051568023,0.5665098197883092,0.9282121105218657,,True
297,MICE + SCM_robust,0.1,0.2,297,0.09278225898742676,2.8887153734297657,0.5179064119895449,0.7177245703027131,,True
298,MICE + SCM_robust,0.1,0.2,298,0.08919572830200195,3.3360596480842104,0.6024133894418391,0.6956222906367892,,True
299,MICE + SCM_robust,0.1,0.2,299,0.11102938652038574,3.3694463919132085,0.5881394550348967,0.6040096901411137,,True
300,MICE + SCM_robust,0.125,0.0,300,0.025397300720214844,3.3876764057233593,0.6148718404193071,0.45811167421990495,,True
301,MICE + SCM_robust,0.125,0.0,301,0.024394512176513672,3.379952055193684,0.5733489997250992,0.4709659312326828,,True
302,MICE + SCM_robust,0.125,0.0,302,0.02559828758239746,4.030369761635842,0.6254949085251345,0.3489223344338798,,True
303,MICE + SCM_robust,0.125,0.0,303,0.026309967041015625,3.408869401214224,0.5916199522896972,0.28709724608861414,,True
304,MICE + SCM_robust,0.125,0.0,304,0.02470850944519043,3.2056465432793506,0.5500759317643978,0.4200348759745814,,True
305,MICE + SCM_robust,0.125,0.0,305,0.025351762771606445,3.308387525160247,0.5802406187089636,0.33097575606087787,,True
306,MICE + SCM_robust,0.125,0.0,306,0.024694204330444336,3.016716092132005,0.5708858653015842,0.44692008038710096,,True
307,MICE + SCM_robust,0.125,0.0,307,0.024559974670410156,3.529201173772564,0.6178218436039205,0.3797877365868104,,True
308,MICE + SCM_robust,0.125,0.0,308,0.025971651077270508,3.8143862888512947,0.645475080568771,0.36397541635282804,,True
309,MICE + SCM_robust,0.125,0.0,309,0.024698257446289062,3.573281722453427,0.6169838916720686,0.47824981209353934,,True
310,MICE + SCM_robust,0.125,0.0,310,0.024042367935180664,3.350389878038217,0.5957477131387315,0.4294461470429876,,True
311,MICE + SCM_robust,0.125,0.0,311,0.0242922306060791,3.324630670969239,0.5878628990245667,0.401853587009066,,True
312,MICE + SCM_robust,0.125,0.0,312,0.02446436882019043,3.5630875052197175,0.5971470890900971,0.4678180473447168,,True
313,MICE + SCM_robust,0.125,0.0,313,0.02426767349243164,3.5349358156619703,0.6246253383699185,0.4203854975939461,,True
314,MICE + SCM_robust,0.125,0.0,314,0.026409626007080078,3.759768286952709,0.6353879549627696,0.45066818273226567,,True
315,MICE + SCM_robust,0.125,0.0,315,0.025083065032958984,3.885253331624825,0.6466023506355003,0.33351527877079956,,True
316,MICE + SCM_robust,0.125,0.0,316,0.01686716079711914,3.776131548908346,0.637870041898292,0.5133444137454783,,True
317,MICE + SCM_robust,0.125,0.0,317,0.017323017120361328,3.3970985647654532,0.6011350971232472,0.3926745949687352,,True
318,MICE + SCM_robust,0.125,0.0,318,0.01601696014404297,3.9607252829821227,0.6303679365360847,0.48458856466458217,,True
319,MICE + SCM_robust,0.125,0.0,319,0.01709294319152832,3.2908479162955433,0.5928708795822506,0.3405279813666789,,True
320,MICE + SCM_robust,0.125,0.1,320,0.049028873443603516,3.720674481750073,0.6253333780126697,0.7397732312508571,,True
321,MICE + SCM_robust,0.125,0.1,321,0.03300929069519043,3.945171485643612,0.6491213290306121,1.0201115209471965,,True
322,MICE + SCM_robust,0.125,0.1,322,0.06060075759887695,3.500613821473399,0.6104732294654865,0.8914366681904056,,True
323,MICE + SCM_robust,0.125,0.1,323,0.04803037643432617,3.262489925009095,0.575956961173287,0.6650373362615868,,True
324,MICE + SCM_robust,0.125,0.1,324,0.045743703842163086,3.838987335300944,0.6375467569986316,0.9166363829931999,,True
325,MICE + SCM_robust,0.125,0.1,325,0.04539823532104492,3.457152826401614,0.6132922187313078,0.7398626616698508,,True
326,MICE + SCM_robust,0.125,0.1,326,0.047033071517944336,3.713244991430094,0.6100845094647401,0.8422221041921809,,True
327,MICE + SCM_robust,0.125,0.1,327,0.04635214805603027,3.9597505521890835,0.6582449075589747,0.7187873307277399,,True
328,MICE + SCM_robust,0.125,0.1,328,0.04775714874267578,3.7924400880876425,0.6177762592873188,0.6500673220632741,,True
329,MICE + SCM_robust,0.125,0.1,329,0.045810699462890625,3.530843555319834,0.588481300501608,0.6332925667037138,,True
330,MICE + SCM_robust,0.125,0.1,330,0.046518564224243164,3.325337434109756,0.6061763275817433,0.8312821952169401,,True
331,MICE + SCM_robust,0.125,0.1,331,0.04744434356689453,3.3571063686053266,0.5896249866533576,0.9546464358306925,,True
332,MICE + SCM_robust,0.125,0.1,332,0.06090259552001953,3.3896632720377227,0.5887068373926323,0.868844250922454,,True
333,MICE + SCM_robust,0.125,0.1,333,0.045719146728515625,4.076824674745312,0.6657167512338483,0.8357832043321469,,True
334,MICE + SCM_robust,0.125,0.1,334,0.04527115821838379,3.584154554059321,0.6081791186019732,0.8733665061167584,,True
335,MICE + SCM_robust,0.125,0.1,335,0.057118892669677734,3.2275715817217896,0.5753616918152388,0.724436536524652,,True
336,MICE + SCM_robust,0.125,0.1,336,0.07175660133361816,3.3583762427058996,0.5852859988722336,0.5604032839097579,,True
337,MICE + SCM_robust,0.125,0.1,337,0.06675553321838379,3.270235374357554,0.5825886742224569,0.7108263274684697,,True
338,MICE + SCM_robust,0.125,0.1,338,0.07025337219238281,3.575806930266335,0.6080994745986086,0.8429198984560217,,True
339,MICE + SCM_robust,0.125,0.1,339,0.09504461288452148,3.663469742668314,0.603550340140858,0.8187467251124312,,True
340,MICE + SCM_robust,0.125,0.2,340,0.16076874732971191,4.118827245219841,0.6695740577912607,1.049462498107705,,True
341,MICE + SCM_robust,0.125,0.2,341,0.11843752861022949,3.71925690392053,0.6242424859714196,1.2745980848393401,,True
342,MICE + SCM_robust,0.125,0.2,342,0.12435126304626465,3.499198416254971,0.6110903108320221,1.0484972466138147,,True
343,MICE + SCM_robust,0.125,0.2,343,0.11888456344604492,3.111352226557102,0.5438362728260838,0.7564016590763235,,True
344,MICE + SCM_robust,0.125,0.2,344,0.09518766403198242,3.783188032261695,0.6284035014424953,0.730382787757324,,True
345,MICE + SCM_robust,0.125,0.2,345,0.06425619125366211,3.503508723480747,0.603621456055414,1.381555445449977,,True
346,MICE + SCM_robust,0.125,0.2,346,0.0879824161529541,3.7073800903174727,0.6181037434814456,1.117577800160848,,True
347,MICE + SCM_robust,0.125,0.2,347,0.08997654914855957,4.063064841404823,0.6587267173632898,0.8933535308952424,,True
348,MICE + SCM_robust,0.125,0.2,348,0.0695793628692627,3.298127201400208,0.5867976890222177,0.9988949554438259,,True
349,MICE + SCM_robust,0.125,0.2,349,0.1514139175415039,4.114914877378588,0.6543278394925833,0.9611218028406968,,True
350,MICE + SCM_robust,0.125,0.2,350,0.11285829544067383,3.4689853785560145,0.6042390877956675,0.9303027396787453,,True
351,MICE + SCM_robust,0.125,0.2,351,0.11210894584655762,3.7579028493372424,0.6035631480330347,0.6815488253920622,,True
352,MICE + SCM_robust,0.125,0.2,352,0.07343673706054688,3.8677002312625035,0.6339242910041656,0.9069592903879412,,True
353,MICE + SCM_robust,0.125,0.2,353,0.0810847282409668,3.246357173615548,0.5878060339826238,0.9226791349347548,,True
354,MICE + SCM_robust,0.125,0.2,354,0.062380313873291016,3.941376444510545,0.6275908200464916,0.9224193042826837,,True
355,MICE + SCM_robust,0.125,0.2,355,0.09995579719543457,3.533273115487209,0.6084841743606415,0.8201229942573466,,True
356,MICE + SCM_robust,0.125,0.2,356,0.05536460876464844,3.2024267947590563,0.5797564138619039,0.9040839872476564,,True
357,MICE + SCM_robust,0.125,0.2,357,0.07191705703735352,3.2230838809810862,0.568274109172907,0.7349506524711464,,True
358,MICE + SCM_robust,0.125,0.2,358,0.046808719635009766,3.631617069980101,0.6089257484988158,1.0641464841081538,,True
359,MICE + SCM_robust,0.125,0.2,359,0.04520678520202637,3.580509874480525,0.5945312273756286,1.3089193222298394,,True
360,MICE + SCM_robust,0.15,0.0,360,0.017744779586791992,3.4197722835438227,0.6086787728553642,0.3743387595082837,,True
361,MICE + SCM_robust,0.15,0.0,361,0.01863884925842285,3.116302946277829,0.5830920077667714,0.49833629732521584,,True
362,MICE + SCM_robust,0.15,0.0,362,0.017428874969482422,3.147444917845155,0.5725679986481188,0.4172678246405608,,True
363,MICE + SCM_robust,0.15,0.0,363,0.017310142517089844,3.793755276958158,0.6355275967484587,0.6316611195487586,,True
364,MICE + SCM_robust,0.15,0.0,364,0.025537729263305664,3.247132429549285,0.5890714262320309,0.39678573450975985,,True
365,MICE + SCM_robust,0.15,0.0,365,0.026682615280151367,3.5866465083760977,0.6149935038947681,0.39358213009016985,,True
366,MICE + SCM_robust,0.15,0.0,366,0.02668619155883789,3.618968141405434,0.6404137768096024,0.43335828378781155,,True
367,MICE + SCM_robust,0.15,0.0,367,0.030525684356689453,4.038133895990954,0.6481325112482187,0.5381851345895011,,True
368,MICE + SCM_robust,0.15,0.0,368,0.017284154891967773,3.674598470184555,0.6222133995507351,0.38889895498592114,,True
369,MICE + SCM_robust,0.15,0.0,369,0.01728510856628418,2.7686706371224004,0.5442782218296109,0.47520809664712144,,True
370,MICE + SCM_robust,0.15,0.0,370,0.0167696475982666,3.221660741946679,0.5828996868052662,0.26083197982389605,,True
371,MICE + SCM_robust,0.15,0.0,371,0.01826000213623047,3.2821917648672114,0.6111475642162859,0.35297649153279614,,True
372,MICE + SCM_robust,0.15,0.0,372,0.025376558303833008,3.328746722795639,0.5969287781573707,0.3348449106460771,,True
373,MICE + SCM_robust,0.15,0.0,373,0.025104999542236328,3.8109571241993017,0.6426193105035056,0.5338723310925948,,True
374,MICE + SCM_robust,0.15,0.0,374,0.025453567504882812,3.8273697748479822,0.6282574090383568,0.38726652769972314,,True
375,MICE + SCM_robust,0.15,0.0,375,0.02492523193359375,3.695839247267502,0.6204382971573276,0.40057049931374233,,True
376,MICE + SCM_robust,0.15,0.0,376,0.024852752685546875,3.4302603163251404,0.6186807061523087,0.42102430885650266,,True
377,MICE + SCM_robust,0.15,0.0,377,0.02562713623046875,3.498996424663369,0.5905447403231054,0.319956661312865,,True
378,MICE + SCM_robust,0.15,0.0,378,0.025533676147460938,3.2843014261641468,0.5913656550280271,0.3677730366266962,,True
379,MICE + SCM_robust,0.15,0.0,379,0.025473594665527344,3.487889287965559,0.6060046274733412,0.43800651464062557,,True
380,MICE + SCM_robust,0.15,0.1,380,0.05253958702087402,3.8835770984201123,0.6430757229776244,0.5356894866619235,,True
381,MICE + SCM_robust,0.15,0.1,381,0.04848051071166992,3.7420418195116785,0.6346820328755476,0.7590111861893414,,True
382,MICE + SCM_robust,0.15,0.1,382,0.04855680465698242,3.6534015748582487,0.624488618938266,0.8841737192524829,,True
383,MICE + SCM_robust,0.15,0.1,383,0.051299095153808594,3.5147505049671004,0.6253998831633264,0.7999264358176842,,True
384,MICE + SCM_robust,0.15,0.1,384,0.03493905067443848,3.622727422347967,0.6117117166100907,0.7959642246223707,,True
385,MICE + SCM_robust,0.15,0.1,385,0.048284292221069336,3.627789522317752,0.6109794417008781,0.8344536261125141,,True
386,MICE + SCM_robust,0.15,0.1,386,0.050485849380493164,4.020340090627984,0.6180529914675716,0.6718128643014974,,True
387,MICE + SCM_robust,0.15,0.1,387,0.04915118217468262,3.666427635377326,0.6244817366781631,0.6909675167065943,,True
388,MICE + SCM_robust,0.15,0.1,388,0.06091022491455078,3.491239585594293,0.6036744070680164,0.6877897988210111,,True
389,MICE + SCM_robust,0.15,0.1,389,0.04501771926879883,3.545715419510413,0.6125531719031728,0.7787947899292048,,True
390,MICE + SCM_robust,0.15,0.1,390,0.049104928970336914,3.6024994142526445,0.6288716937812653,0.6983979223334396,,True
391,MICE + SCM_robust,0.15,0.1,391,0.06786131858825684,3.8912814809360774,0.634025202080474,0.8810013592785007,,True
392,MICE + SCM_robust,0.15,0.1,392,0.07278037071228027,3.427862656165578,0.6131253115971448,0.7149591806220242,,True
393,MICE + SCM_robust,0.15,0.1,393,0.07398223876953125,3.6303772186868697,0.6162870807753718,1.0328555145172194,,True
394,MICE + SCM_robust,0.15,0.1,394,0.07720756530761719,3.414464652918074,0.6074311116136919,0.7984531202265807,,True
395,MICE + SCM_robust,0.15,0.1,395,0.07442045211791992,4.068979115905766,0.6498872114511034,0.6729090207354318,,True
396,MICE + SCM_robust,0.15,0.1,396,0.07280254364013672,3.3206084699649234,0.5920402546658454,0.5106452480167313,,True
397,MICE + SCM_robust,0.15,0.1,397,0.06841206550598145,3.420781189046738,0.6089939933166616,0.9768307692863201,,True
398,MICE + SCM_robust,0.15,0.1,398,0.0744326114654541,3.317704954906837,0.5941225693030376,0.6932963225845102,,True
399,MICE + SCM_robust,0.15,0.1,399,0.07744741439819336,3.5398464139136205,0.5971851361773742,0.700956361931507,,True
400,MICE + SCM_robust,0.15,0.2,400,0.09381508827209473,3.2456097505320436,0.5754961699015395,1.1299877797704008,,True
401,MICE + SCM_robust,0.15,0.2,401,0.09589767456054688,3.678489427906523,0.6383306578567128,1.0169229467452074,,True
402,MICE + SCM_robust,0.15,0.2,402,0.09938502311706543,3.7885319211739517,0.6224772259518807,1.3070124131194432,,True
403,MICE + SCM_robust,0.15,0.2,403,0.09730052947998047,3.576571924126936,0.6110676792824644,0.7083668906447905,,True
404,MICE + SCM_robust,0.15,0.2,404,0.08968830108642578,3.1813434089823267,0.5652843241408302,0.7395103901793403,,True
405,MICE + SCM_robust,0.15,0.2,405,0.09215378761291504,3.4538723502912565,0.6128701217475878,0.6682058606213559,,True
406,MICE + SCM_robust,0.15,0.2,406,0.10135602951049805,3.5773469253271384,0.6166458980014926,1.4254796069006566,,True
407,MICE + SCM_robust,0.15,0.2,407,0.08939957618713379,3.467328595828429,0.6172224495275522,1.1200816310567279,,True
408,MICE + SCM_robust,0.15,0.2,408,0.06087541580200195,3.9228481251645704,0.6506191818252545,1.1224936399166696,,True
409,MICE + SCM_robust,0.15,0.2,409,0.11464047431945801,3.7509237820138353,0.6215121233907765,0.919694126108507,,True
410,MICE + SCM_robust,0.15,0.2,410,0.061707258224487305,3.547787159889897,0.6043124973747694,0.9432825006497995,,True
411,MICE + SCM_robust,0.15,0.2,411,0.07209038734436035,3.6329356130983084,0.638597228279626,1.1742128032724417,,True
412,MICE + SCM_robust,0.15,0.2,412,0.0999765396118164,3.4188760679918495,0.6285028783422952,1.1067448301449538,,True
413,MICE + SCM_robust,0.15,0.2,413,0.03190779685974121,3.415519663381169,0.5627937613629569,1.2401004805532467,,True
414,MICE + SCM_robust,0.15,0.2,414,0.07412052154541016,3.326215394400788,0.5836958528639941,1.1184626624117369,,True
415,MICE + SCM_robust,0.15,0.2,415,0.0724942684173584,4.130074229579791,0.6578362625726077,0.9949638209110513,,True
416,MICE + SCM_robust,0.15,0.2,416,0.06058692932128906,3.427938816764593,0.6017149498672245,1.007528639047804,,True
417,MICE + SCM_robust,0.15,0.2,417,0.06392145156860352,3.993540582111527,0.6289131396659274,1.054969342431382,,True
418,MICE + SCM_robust,0.15,0.2,418,0.06395936012268066,4.050547180617472,0.656340797257454,1.031940428223384,,True
419,MICE + SCM_robust,0.15,0.2,419,0.11926054954528809,3.6447518763047673,0.6022633375323106,1.111206624685175,,True
420,MICE + SCM_robust,0.175,0.0,420,0.018609285354614258,3.6200599386360226,0.6369003536301301,0.5161956699111591,,True
421,MICE + SCM_robust,0.175,0.0,421,0.02597951889038086,3.4088754005041824,0.5930166735808967,0.493559478493182,,True
422,MICE + SCM_robust,0.175,0.0,422,0.0269625186920166,3.5528572829004843,0.6211943475620908,0.36905751071012693,,True
423,MICE + SCM_robust,0.175,0.0,423,0.02601790428161621,3.7610312776892054,0.6435367723873991,0.4000754651335236,,True
424,MICE + SCM_robust,0.175,0.0,424,0.028358936309814453,3.723967564718796,0.6391877638813543,0.34431085117821547,,True
425,MICE + SCM_robust,0.175,0.0,425,0.03795433044433594,3.3660701281254504,0.6089656388839002,0.40571366115793295,,True
426,MICE + SCM_robust,0.175,0.0,426,0.028156042098999023,3.3603875508898327,0.5955110968496338,0.45114660539408513,,True
427,MICE + SCM_robust,0.175,0.0,427,0.02777385711669922,3.93475070704176,0.6440836585836616,0.33242592955547456,,True
428,MICE + SCM_robust,0.175,0.0,428,0.01741766929626465,3.7595619863659473,0.6493688421980489,0.47040881717594124,,True
429,MICE + SCM_robust,0.175,0.0,429,0.017787456512451172,3.264520056965691,0.6007382397423772,0.3320548498819416,,True
430,MICE + SCM_robust,0.175,0.0,430,0.018685340881347656,3.898848462717136,0.6450859503157009,0.38284157200811036,,True
431,MICE + SCM_robust,0.175,0.0,431,0.030231475830078125,3.722838543633697,0.636981541367065,0.5027137399005986,,True
432,MICE + SCM_robust,0.175,0.0,432,0.033837080001831055,3.6191207349715064,0.6094129905556868,0.42013232228188563,,True
433,MICE + SCM_robust,0.175,0.0,433,0.017232656478881836,3.4633059668386794,0.6163029529106329,0.3951226445522752,,True
434,MICE + SCM_robust,0.175,0.0,434,0.017424345016479492,3.0708864698681415,0.5614510196214635,0.4441247877270192,,True
435,MICE + SCM_robust,0.175,0.0,435,0.016709089279174805,3.3702881571196266,0.5996282757698305,0.37957851475001675,,True
436,MICE + SCM_robust,0.175,0.0,436,0.02691173553466797,3.8109092535367104,0.6295768139257063,0.49648215448753036,,True
437,MICE + SCM_robust,0.175,0.0,437,0.01775956153869629,3.900765623706854,0.6449607418769444,0.44628468082163936,,True
438,MICE + SCM_robust,0.175,0.0,438,0.0180511474609375,3.867023456363718,0.6609948923493768,0.4557289755538757,,True
439,MICE + SCM_robust,0.175,0.0,439,0.02787017822265625,3.7617202312432263,0.6436261938267931,0.5119472422312856,,True
440,MICE + SCM_robust,0.175,0.1,440,0.07342767715454102,3.179535194639998,0.5942098377679134,0.6575535855402366,,True
441,MICE + SCM_robust,0.175,0.1,441,0.0504612922668457,3.488381495874631,0.6144158998555119,0.9303101480485019,,True
442,MICE + SCM_robust,0.175,0.1,442,0.07689356803894043,3.195346412575646,0.5929791193676557,0.5790567578673855,,True
443,MICE + SCM_robust,0.175,0.1,443,0.04792380332946777,3.545842249959395,0.6119266432876812,0.8689561634461023,,True
444,MICE + SCM_robust,0.175,0.1,444,0.048799753189086914,3.680036306487656,0.6266454218386399,0.7218854547070034,,True
445,MICE + SCM_robust,0.175,0.1,445,0.04771780967712402,3.423982014606816,0.6181047118820462,0.832008569918374,,True
446,MICE + SCM_robust,0.175,0.1,446,0.0768435001373291,3.7127479145903823,0.6363228046927399,0.6219881643387375,,True
447,MICE + SCM_robust,0.175,0.1,447,0.04741191864013672,3.949691058854285,0.6358269016678074,0.7092634613449491,,True
448,MICE + SCM_robust,0.175,0.1,448,0.05084347724914551,3.4572094640196016,0.5985769850240178,0.6686414877435457,,True
449,MICE + SCM_robust,0.175,0.1,449,0.05010414123535156,3.497266278952768,0.6189888377524292,0.9175515450284105,,True
450,MICE + SCM_robust,0.175,0.1,450,0.08014059066772461,3.5149911860359575,0.6131382842185262,0.6819480449492716,,True
451,MICE + SCM_robust,0.175,0.1,451,0.04865622520446777,3.174452588513442,0.5891682474267518,0.848961151368601,,True
452,MICE + SCM_robust,0.175,0.1,452,0.06845831871032715,3.416729838971541,0.6078375363312163,0.7534344184169927,,True
453,MICE + SCM_robust,0.175,0.1,453,0.07433271408081055,3.413586510939278,0.600408303098782,0.6790129619072249,,True
454,MICE + SCM_robust,0.175,0.1,454,0.07835626602172852,3.0682553436140867,0.5559116176822211,0.711456845053201,,True
455,MICE + SCM_robust,0.175,0.1,455,0.07241630554199219,3.8527878477140285,0.65371150234438,0.7195539747028161,,True
456,MICE + SCM_robust,0.175,0.1,456,0.07681012153625488,3.5882047521397054,0.5887357088861507,0.7627146906648768,,True
457,MICE + SCM_robust,0.175,0.1,457,0.053316354751586914,3.623590203422216,0.6058306081398526,0.8012363170878898,,True
458,MICE + SCM_robust,0.175,0.1,458,0.06244468688964844,3.5223443860808983,0.6366003388145236,0.7221172059204501,,True
459,MICE + SCM_robust,0.175,0.1,459,0.05878281593322754,3.5891155661604484,0.6153696928188247,1.0343982062831159,,True
460,MICE + SCM_robust,0.175,0.2,460,0.0595402717590332,3.3671949812949276,0.5891336354198808,1.0048038711191647,,True
461,MICE + SCM_robust,0.175,0.2,461,0.0669851303100586,3.4691168566649986,0.6116980778333418,0.7638847037142401,,True
462,MICE + SCM_robust,0.175,0.2,462,0.06268572807312012,3.9767992203208515,0.6639089137184155,1.222465365664249,,True
463,MICE + SCM_robust,0.175,0.2,463,0.06307101249694824,3.91743185634683,0.6428034924880789,1.281743427392689,,True
464,MICE + SCM_robust,0.175,0.2,464,0.09802460670471191,3.7018369400539886,0.640999456230031,1.0752252752539446,,True
465,MICE + SCM_robust,0.175,0.2,465,0.10028839111328125,3.432438022629234,0.5941697204140209,1.0509589142916975,,True
466,MICE + SCM_robust,0.175,0.2,466,0.09435462951660156,3.263518025808953,0.5924340228261642,1.1750466954643402,,True
467,MICE + SCM_robust,0.175,0.2,467,0.09169387817382812,3.606223384734291,0.6186116418869407,1.1278085243799343,,True
468,MICE + SCM_robust,0.175,0.2,468,0.12148785591125488,3.7938527420599932,0.6129807351838032,1.256873109587499,,True
469,MICE + SCM_robust,0.175,0.2,469,0.09645700454711914,3.596128246118751,0.6051640962906555,1.4183570439249547,,True
470,MICE + SCM_robust,0.175,0.2,470,0.09497499465942383,3.4729855080915275,0.6312092435929205,0.9049333639907057,,True
471,MICE + SCM_robust,0.175,0.2,471,0.0761568546295166,3.53301322250561,0.6123612065663696,0.7999234653344863,,True
472,MICE + SCM_robust,0.175,0.2,472,0.1365373134613037,3.5324989017075974,0.6064155411691886,1.1520492155305662,,True
473,MICE + SCM_robust,0.175,0.2,473,0.06207466125488281,3.1818735839470684,0.5671566312228823,0.9857512854063887,,True
474,MICE + SCM_robust,0.175,0.2,474,0.07449030876159668,3.310060087952765,0.6056379852031595,1.171695048933506,,True
475,MICE + SCM_robust,0.175,0.2,475,0.07430458068847656,3.4012422350686387,0.5974470003127548,0.9158978693126055,,True
476,MICE + SCM_robust,0.175,0.2,476,0.07030463218688965,3.3935702389799864,0.6098436449781577,0.7441516918296341,,True
477,MICE + SCM_robust,0.175,0.2,477,0.07927370071411133,3.6497283240246965,0.6226872755053418,1.0124724275353187,,True
478,MICE + SCM_robust,0.175,0.2,478,0.07641935348510742,3.0720679797734487,0.5764143350387201,1.3298256710833931,,True
479,MICE + SCM_robust,0.175,0.2,479,0.09301280975341797,3.623977400652809,0.6169182382062498,0.7888927757196268,,True
480,MICE + SCM_robust,0.2,0.0,480,0.025666475296020508,3.934453033215114,0.656437546548241,0.3782250759641101,,True
481,MICE + SCM_robust,0.2,0.0,481,0.017293214797973633,3.087721973537015,0.5830625555928632,0.3700083958022134,,True
482,MICE + SCM_robust,0.2,0.0,482,0.01867985725402832,3.624906152773113,0.6223622509636499,0.35187472050560326,,True
483,MICE + SCM_robust,0.2,0.0,483,0.018181324005126953,3.3566871974401775,0.6053897251515278,0.2721992017826004,,True
484,MICE + SCM_robust,0.2,0.0,484,0.025533676147460938,3.360224334017997,0.5790358978234782,0.35405073390928066,,True
485,MICE + SCM_robust,0.2,0.0,485,0.017224788665771484,3.5788449202389834,0.6177304083771539,0.4803604546144835,,True
486,MICE + SCM_robust,0.2,0.0,486,0.01762843132019043,3.520679081984878,0.6036628519642563,0.4260625639723072,,True
487,MICE + SCM_robust,0.2,0.0,487,0.018011808395385742,3.404855452015666,0.5965287045772132,0.4055862096433069,,True
488,MICE + SCM_robust,0.2,0.0,488,0.02593398094177246,3.3492505713936804,0.6045610528144614,0.4746306708618619,,True
489,MICE + SCM_robust,0.2,0.0,489,0.017201900482177734,3.449406710411988,0.6085212584144988,0.36523024247902675,,True
490,MICE + SCM_robust,0.2,0.0,490,0.024460315704345703,3.586647202640459,0.63667877239735,0.331873351833911,,True
491,MICE + SCM_robust,0.2,0.0,491,0.017534732818603516,3.565683505909839,0.6149650453846197,0.6124811487297291,,True
492,MICE + SCM_robust,0.2,0.0,492,0.01806783676147461,4.02301954514926,0.6603135690016342,0.41206190308510826,,True
493,MICE + SCM_robust,0.2,0.0,493,0.02834296226501465,3.41052284304221,0.6250264662699766,0.4677511039773482,,True
494,MICE + SCM_robust,0.2,0.0,494,0.01732349395751953,3.498340292352382,0.620518297236827,0.5550499163218499,,True
495,MICE + SCM_robust,0.2,0.0,495,0.028973817825317383,3.6508248321834116,0.6291583756747828,0.4434580268950137,,True
496,MICE + SCM_robust,0.2,0.0,496,0.025883197784423828,3.838625540048175,0.6439376851649723,0.4573173484981579,,True
497,MICE + SCM_robust,0.2,0.0,497,0.025722503662109375,3.713730610858132,0.6384465893462185,0.4279764329674871,,True
498,MICE + SCM_robust,0.2,0.0,498,0.025788545608520508,3.2602377644380036,0.5874432830404687,0.3873918816384022,,True
499,MICE + SCM_robust,0.2,0.0,499,0.017551183700561523,3.620486150995731,0.619054316472321,0.47261323708372427,,True
500,MICE + SCM_robust,0.2,0.1,500,0.04728245735168457,3.566456689928639,0.6155380327506995,1.0029451940309486,,True
501,MICE + SCM_robust,0.2,0.1,501,0.050179243087768555,3.8633448217188198,0.6442545331889408,0.9213508300283745,,True
502,MICE + SCM_robust,0.2,0.1,502,0.04818916320800781,3.5664822255342616,0.6286682913543046,0.9156358990584428,,True
503,MICE + SCM_robust,0.2,0.1,503,0.047336578369140625,3.7659872865792203,0.6485808186445934,0.7658938370001858,,True
504,MICE + SCM_robust,0.2,0.1,504,0.07230067253112793,3.8721811388306167,0.6747517118119482,1.023151118110309,,True
505,MICE + SCM_robust,0.2,0.1,505,0.07373976707458496,3.804035919214593,0.6515565141131029,0.823272010582715,,True
506,MICE + SCM_robust,0.2,0.1,506,0.05114245414733887,3.7952210566592854,0.6533976450626976,0.7758089588986872,,True
507,MICE + SCM_robust,0.2,0.1,507,0.05860543251037598,3.050167522079061,0.5668085724532594,0.7571182349315184,,True
508,MICE + SCM_robust,0.2,0.1,508,0.06998682022094727,3.4665211785647094,0.6222473294369484,0.977747887425994,,True
509,MICE + SCM_robust,0.2,0.1,509,0.0707845687866211,3.5802212025515754,0.623692636573557,0.8690767052158521,,True
510,MICE + SCM_robust,0.2,0.1,510,0.07537555694580078,3.483015611520314,0.6346897409296753,0.5740819088719817,,True
511,MICE + SCM_robust,0.2,0.1,511,0.07386994361877441,3.484093249630436,0.6239814720645632,0.9431593895409662,,True
512,MICE + SCM_robust,0.2,0.1,512,0.047250986099243164,3.5328685959320962,0.616323315898361,0.5918228201388801,,True
513,MICE + SCM_robust,0.2,0.1,513,0.04777669906616211,3.173948012434875,0.5802376103731682,0.685592991485219,,True
514,MICE + SCM_robust,0.2,0.1,514,0.07552099227905273,3.649262727523843,0.6257617815712231,0.7725825480633336,,True
515,MICE + SCM_robust,0.2,0.1,515,0.0740811824798584,4.053220317861592,0.6572165739676882,1.0012378298873144,,True
516,MICE + SCM_robust,0.2,0.1,516,0.06681632995605469,3.402423076847064,0.6084482637411893,0.7697702866809162,,True
517,MICE + SCM_robust,0.2,0.1,517,0.07362103462219238,3.1255813859035992,0.5666969125881063,0.8465258582534624,,True
518,MICE + SCM_robust,0.2,0.1,518,0.07564520835876465,3.912801801469135,0.6510249207635931,0.954032616470109,,True
519,MICE + SCM_robust,0.2,0.1,519,0.07410907745361328,3.315604890452599,0.5780526019831449,0.6112880421073354,,True
520,MICE + SCM_robust,0.2,0.2,520,0.0926048755645752,3.2285132453211043,0.5854087083371907,1.2434617344128585,,True
521,MICE + SCM_robust,0.2,0.2,521,0.10874748229980469,3.4794920636808997,0.5979124365394494,0.9839736224953891,,True
522,MICE + SCM_robust,0.2,0.2,522,0.08811068534851074,3.546299277022587,0.6114032741997107,1.3264490448101365,,True
523,MICE + SCM_robust,0.2,0.2,523,0.07400321960449219,3.405796953771015,0.5860810038765345,1.1032572994942547,,True
524,MICE + SCM_robust,0.2,0.2,524,0.06264662742614746,3.2150095825739027,0.5955657361520663,0.9633441857668037,,True
525,MICE + SCM_robust,0.2,0.2,525,0.06231188774108887,3.4813986704697237,0.6045356290066525,0.943640366861421,,True
526,MICE + SCM_robust,0.2,0.2,526,0.06444764137268066,3.5464583014928777,0.6168021101596155,1.231491770893528,,True
527,MICE + SCM_robust,0.2,0.2,527,0.07540583610534668,3.4789945429165523,0.6196875427768211,1.2332404037911295,,True
528,MICE + SCM_robust,0.2,0.2,528,0.08712911605834961,3.259275838541739,0.5892488582128635,1.305832534181637,,True
529,MICE + SCM_robust,0.2,0.2,529,0.0810098648071289,3.690724414926988,0.6206012861022389,1.1509184395829897,,True
530,MICE + SCM_robust,0.2,0.2,530,0.04772639274597168,3.460309315541624,0.6076954502326751,0.9966274066313546,,True
531,MICE + SCM_robust,0.2,0.2,531,0.05993032455444336,3.86152916115959,0.643684710433523,1.028708947024008,,True
532,MICE + SCM_robust,0.2,0.2,532,0.07989120483398438,3.475508101516951,0.5740611590756092,0.9349422816302683,,True
533,MICE + SCM_robust,0.2,0.2,533,0.06402587890625,3.4644402478509986,0.6231549213225457,1.3342626043008556,,True
534,MICE + SCM_robust,0.2,0.2,534,0.09591436386108398,3.649867398710235,0.6154530366999831,1.0872488147255368,,True
535,MICE + SCM_robust,0.2,0.2,535,0.07478642463684082,3.3767594251840327,0.5783560125479685,1.2983509881910642,,True
536,MICE + SCM_robust,0.2,0.2,536,0.08984923362731934,3.0163125249408873,0.5733334595877121,0.8505252697583496,,True
537,MICE + SCM_robust,0.2,0.2,537,0.05978846549987793,3.4144579188229778,0.606409663413635,1.185184417015462,,True
538,MICE + SCM_robust,0.2,0.2,538,0.07052206993103027,3.6868915590893057,0.6347102651726899,1.4022334573191892,,True
539,MICE + SCM_robust,0.2,0.2,539,0.06883478164672852,3.399003989617106,0.6007876326256082,1.0778346555398364,,True
