tid,outlier_rate,missing_rate,seed,duration,fisher_dist,frobenius_rel,err_mu,n_iter
0,0.0,0.0,0,363.5147523880005,1.1693382720901446,0.20774731318427378,0.22743823327983512,30
1,0.0,0.0,1,375.03899908065796,1.1284878763138673,0.2007803850771314,0.3041760129876797,30
2,0.0,0.0,2,432.13158226013184,1.1965501334299946,0.18391519401800357,0.2437482287612047,30
3,0.0,0.0,3,352.67710041999817,1.1827508884128992,0.20633347011158587,0.2831721528340671,30
4,0.0,0.0,4,321.7922205924988,1.2381607289192922,0.21700915784972605,0.2502904468296961,30
5,0.0,0.0,5,305.4677059650421,1.1709360813082696,0.19993630141130161,0.3234352862031859,30
6,0.0,0.0,6,455.85207653045654,1.1358654367657517,0.19249747570813122,0.2544017785762914,30
7,0.0,0.0,7,376.97148871421814,1.2178702008479318,0.21466704397735636,0.32113039903577656,30
8,0.0,0.0,8,377.65807247161865,1.2535104485859292,0.2095337542989365,0.24874620151202098,30
9,0.0,0.0,9,353.69774866104126,1.2365878659085643,0.21354826490753087,0.24397295270184544,30
10,0.0,0.0,10,334.40350437164307,1.2042519324704475,0.20317807174703253,0.34837891307872043,30
11,0.0,0.0,11,429.74813961982727,1.131886507551397,0.18938000805038677,0.2412370298855158,30
12,0.0,0.0,12,386.33549284935,1.1878356162243826,0.20551407588830387,0.23962078304716802,30
13,0.0,0.0,13,334.6116795539856,1.104111595662058,0.1851378584812975,0.28808197376794265,30
14,0.0,0.0,14,341.1080243587494,1.1502543322496916,0.19152311638737077,0.30473586013910625,30
15,0.0,0.0,15,467.82470989227295,1.1875082648206665,0.20141710359936776,0.19493412217633443,30
16,0.0,0.0,16,418.8388056755066,1.1424766498615975,0.18979694297790428,0.26157515505726214,30
17,0.0,0.0,17,396.6343641281128,1.1838510416736248,0.20789896051571105,0.2144632701829312,30
18,0.0,0.0,18,382.41450214385986,1.1605895987865313,0.20085220237048562,0.26933082960040583,30
19,0.0,0.0,19,336.406729221344,1.245721784607625,0.20639938082660642,0.3225275794725992,30
20,0.0,0.1,20,335.80369234085083,1.255857507194484,0.21010782029475447,0.23475212996957445,30
21,0.0,0.1,21,340.1605200767517,1.366735826301028,0.21919752002858237,0.30570692126084265,30
22,0.0,0.1,22,279.62341141700745,1.4991118408475408,0.25743285945913563,0.24410756405900447,30
23,0.0,0.1,23,405.8944571018219,1.246762966677605,0.21685711868032892,0.21259280251258497,30
24,0.0,0.1,24,375.3843152523041,1.2331662434879485,0.2000688612718019,0.22851880005695102,30
25,0.0,0.1,25,300.06919384002686,1.182243747550166,0.2010536410267227,0.2555234922096748,30
26,0.0,0.1,26,291.97638416290283,1.4176606947869939,0.2365787763934154,0.3533308948649007,30
27,0.0,0.1,27,293.64213347435,1.3070826557911557,0.1959103185665654,0.31457180574801974,30
28,0.0,0.1,28,361.3074879646301,1.4141346552585794,0.21900760116014514,0.24268734696518315,30
29,0.0,0.1,29,367.28046917915344,1.3427830764913344,0.21261457703693823,0.4043951517649697,30
30,0.0,0.1,30,266.7937812805176,1.303713946563771,0.2083157098660066,0.31178369485591056,30
31,0.0,0.1,31,275.6879527568817,1.1540976498523141,0.1939911691248103,0.2670924238049216,30
32,0.0,0.1,32,359.3902995586395,1.28862905252851,0.2227118514638113,0.18157669319668157,30
33,0.0,0.1,33,282.3655467033386,1.3111748500014813,0.22379756687921645,0.18408181899225837,30
34,0.0,0.1,34,377.1037666797638,1.2967354925083303,0.19663196204245473,0.2662572046479346,30
35,0.0,0.1,35,294.33840131759644,1.4175798135372895,0.22163534333431156,0.310044739704576,30
36,0.0,0.1,36,295.2064018249512,1.3922536677181645,0.22440410211215178,0.32531005482384756,30
37,0.0,0.1,37,321.9870045185089,1.3215070679974557,0.24683198608335413,0.30020112226869144,30
38,0.0,0.1,38,289.733909368515,1.3277238596273173,0.21191735553613977,0.26931621638267683,30
39,0.0,0.1,39,355.99631690979004,1.3497189969484635,0.22072977467606872,0.3341612561821868,30
40,0.0,0.2,40,342.70772886276245,1.4840567211205637,0.2406763440254287,0.26206139281293145,30
41,0.0,0.2,41,236.844220161438,1.403385764714172,0.2338104773041906,0.41152893705727334,30
42,0.0,0.2,42,241.33671689033508,1.4956343141918373,0.2342655178780434,0.2749631434758277,30
43,0.0,0.2,43,312.29451847076416,1.5649767248257815,0.2349425417215709,0.3682547576832064,30
44,0.0,0.2,44,286.4830276966095,1.4046772312725628,0.22688325290448463,0.27635499638741434,30
45,0.0,0.2,45,312.3141932487488,1.5148304906355587,0.24005631550468132,0.42546791049769145,30
46,0.0,0.2,46,344.36882042884827,1.3691990398396787,0.22109637347318647,0.29471766045432685,30
47,0.0,0.2,47,306.93808126449585,1.4308625494602418,0.22615053762174822,0.3389354419758867,30
48,0.0,0.2,48,230.555438041687,1.418091592246788,0.21843289695613913,0.32892862559601305,30
49,0.0,0.2,49,228.21876311302185,1.5933085831628366,0.233055825426612,0.31325054905246996,30
50,0.0,0.2,50,351.58861541748047,1.5393762263899071,0.23605109972345242,0.2963709272130983,30
51,0.0,0.2,51,257.8539936542511,1.4322614803432407,0.23308997276838542,0.3231123014127508,30
52,0.0,0.2,52,250.48424577713013,1.5849820784871558,0.24559916268946314,0.3206225849035241,30
53,0.0,0.2,53,357.1031358242035,1.4425326393871907,0.23160996453209712,0.2964005113645866,30
54,0.0,0.2,54,303.3278818130493,1.514782770507645,0.2128010155086319,0.22747919178762574,30
55,0.0,0.2,55,305.3536424636841,1.4050706909953579,0.23476609949677832,0.3094811021715323,30
56,0.0,0.2,56,219.0015561580658,1.568217770554766,0.2351192149089843,0.32851223358412956,30
57,0.0,0.2,57,316.81237411499023,1.4773783803569518,0.23494294459042153,0.3151203268713548,30
58,0.0,0.2,58,196.00906825065613,1.5286786523967344,0.2318498326884662,0.34690744978039356,30
59,0.0,0.2,59,264.0855014324188,1.314490081727756,0.21169688571065087,0.36081711774895403,30
60,0.025,0.0,60,431.5956702232361,1.9252587898072273,0.33204821919177774,0.42132436038973553,30
61,0.025,0.0,61,404.72247099876404,1.909068559482042,0.3264585181345996,0.351575934788091,30
62,0.025,0.0,62,434.96031737327576,2.151294244329174,0.3199011660856156,0.28666043352169884,30
63,0.025,0.0,63,391.41921973228455,1.8593325635665936,0.2964354587126321,0.3252316013132816,30
64,0.025,0.0,64,401.95051646232605,1.7844384404922726,0.28806601235798823,0.32559885818671125,30
65,0.025,0.0,65,368.4017734527588,1.8630867749284945,0.3126506838029947,0.21033849770339264,30
66,0.025,0.0,66,460.85941672325134,1.8243461880091396,0.3029296624829352,0.32707108117003675,30
67,0.025,0.0,67,299.52918887138367,1.9072202046227478,0.31167238089568916,0.2377809667835439,30
68,0.025,0.0,68,319.37063360214233,1.9968048238433336,0.33720987452179946,0.2951209058171413,30
69,0.025,0.0,69,301.8108489513397,1.8902385855934332,0.30977473866754507,0.23256298335252315,30
70,0.025,0.0,70,324.5615541934967,1.8209802337665275,0.30298332698138836,0.20956589949830642,30
71,0.025,0.0,71,336.9033136367798,2.1629059236043178,0.357015251783552,0.3798101172169106,30
72,0.025,0.0,72,348.0225262641907,1.8621759369477948,0.32965891913903433,0.25684150907237835,30
73,0.025,0.0,73,329.0185580253601,1.9325461725079713,0.3143942924724704,0.24095109571368462,30
74,0.025,0.0,74,317.7782852649689,1.9588184727604954,0.34231256167565055,0.3114520215560957,30
75,0.025,0.0,75,437.84559059143066,1.70654514409573,0.2901849243911508,0.33700462871877374,30
76,0.025,0.0,76,385.8415250778198,1.9898259598754848,0.3297060944016562,0.34766145149714317,30
77,0.025,0.0,77,382.2238128185272,1.9792341269448412,0.3307997096153324,0.4402114598956575,30
78,0.025,0.0,78,254.7641475200653,1.8987821542566583,0.3128267188864427,0.4547122869302445,30
79,0.025,0.0,79,455.8433692455292,2.0760728904202286,0.33902909909012086,0.333335619376064,30
80,0.025,0.1,80,346.7399950027466,1.9315758949977861,0.3147855191478611,0.3547908568021478,30
81,0.025,0.1,81,379.9455635547638,1.8007352304872777,0.2959136581181373,0.31063937929247337,30
82,0.025,0.1,82,346.28615522384644,1.8176289761042232,0.32178126150343156,0.3407291844183749,30
83,0.025,0.1,83,318.3173871040344,2.1150277085189697,0.31651606374244445,0.2960755396577325,30
84,0.025,0.1,84,402.1850588321686,1.9583679100316196,0.31517075458738697,0.38114226045528987,30
85,0.025,0.1,85,377.0078549385071,1.936033325613954,0.31036793837999943,0.3583095754844487,30
86,0.025,0.1,86,349.06161427497864,1.9590451428545477,0.3314692161796673,0.27596594510613454,30
87,0.025,0.1,87,341.35248041152954,2.0514911962963396,0.32579468107591536,0.24393148479463977,30
88,0.025,0.1,88,284.27579379081726,2.121983166302036,0.32102400922441443,0.3323654176288485,30
89,0.025,0.1,89,315.07110691070557,2.0269166935428777,0.357841041312479,0.322381726671751,30
90,0.025,0.1,90,271.65185046195984,2.1138753387476146,0.3245784060167017,0.29363706901938585,30
91,0.025,0.1,91,388.8653450012207,2.0630969506614676,0.3244788689467641,0.2518684305127201,30
92,0.025,0.1,92,271.1322286128998,1.7728227703105786,0.28972000017251426,0.2998301606973527,30
93,0.025,0.1,93,341.9945938587189,2.0228562950445235,0.3312391448371956,0.2967520123575953,30
94,0.025,0.1,94,274.42705845832825,1.847771022468447,0.2894530481419286,0.3583070148848509,30
95,0.025,0.1,95,295.16332244873047,2.0190708479471606,0.3239164672529006,0.4127574397441366,30
96,0.025,0.1,96,278.7739610671997,1.9930381926870482,0.30795602970587443,0.3334663816023801,30
97,0.025,0.1,97,226.01027965545654,1.891529062166617,0.3136444424041473,0.3673362371428539,30
98,0.025,0.1,98,337.91619420051575,2.110129048467557,0.3301523866261209,0.32839076521992305,30
99,0.025,0.1,99,288.7512583732605,2.005458049133642,0.3403305327264832,0.3273668423636615,30
100,0.025,0.2,100,323.24563455581665,2.1981770409126495,0.3354628455044746,0.401186439065775,30
101,0.025,0.2,101,341.2491898536682,2.0388551179133683,0.2983969927849955,0.303776878902614,30
102,0.025,0.2,102,258.5840630531311,2.0294159366148135,0.32720154890544667,0.3082751403842154,30
103,0.025,0.2,103,327.9768645763397,2.1001876750374686,0.3337629027754397,0.395938912475648,30
104,0.025,0.2,104,320.5710389614105,2.023980050733398,0.2977663667845278,0.37893578765515473,30
105,0.025,0.2,105,322.50511288642883,2.1315724800519407,0.3240320521643621,0.28874594448078467,30
106,0.025,0.2,106,319.11853194236755,2.0497310656655374,0.31063368616717346,0.34823360528305325,30
107,0.025,0.2,107,353.03880524635315,2.1193385571912544,0.32045559762128023,0.38723316512969436,30
108,0.025,0.2,108,339.1111903190613,2.094784676237748,0.3232666380216779,0.4189006588008276,30
109,0.025,0.2,109,354.3567736148834,2.1317168249993155,0.3191665297643401,0.38785518405706726,30
110,0.025,0.2,110,226.7858898639679,2.2842715352339114,0.3505486631366465,0.36949947244556464,30
111,0.025,0.2,111,226.8738076686859,2.145615731133087,0.33613478241640266,0.2999276314569601,30
112,0.025,0.2,112,320.3723978996277,1.9844657524053189,0.2980550272607095,0.40478428987508613,30
113,0.025,0.2,113,256.97541332244873,2.1217099556534023,0.3160754362511862,0.327200230782736,30
114,0.025,0.2,114,305.2844092845917,1.8761873929212123,0.2963521388418721,0.3042990760189903,30
115,0.025,0.2,115,262.0704655647278,2.029441760384955,0.3111328489863455,0.32739410161091576,30
116,0.025,0.2,116,286.5677402019501,2.2273688272527394,0.3439123108597376,0.30759049429413565,30
117,0.025,0.2,117,222.2407352924347,2.2830393060917538,0.33181611133489,0.37695524858465546,30
118,0.025,0.2,118,301.1207494735718,2.0416652490199723,0.31663133123678966,0.2764246214293015,30
119,0.025,0.2,119,198.6746826171875,2.189050612308877,0.3506027130924368,0.27989835298457283,30
120,0.05,0.0,120,350.8309133052826,1.9645282464652651,0.3351958328237692,0.3122121326303989,30
121,0.05,0.0,121,278.71732902526855,2.1838795572245044,0.3611955232051694,0.2342754336742743,30
122,0.05,0.0,122,430.0206849575043,2.144168795531679,0.3488887632694959,0.3276843558974251,30
123,0.05,0.0,123,417.94856238365173,2.133451058487867,0.35954732344186496,0.41966676923892,30
124,0.05,0.0,124,424.29608249664307,2.2943700840900894,0.372865112883049,0.3060428027796676,30
125,0.05,0.0,125,303.97772884368896,2.135813677843568,0.36717959763094926,0.36888161294346006,30
126,0.05,0.0,126,455.06073689460754,2.066475153712637,0.3438253190039023,0.32646131721453425,30
127,0.05,0.0,127,365.28127217292786,2.0640045191998615,0.35041001901196106,0.41726094950221543,30
128,0.05,0.0,128,354.90618801116943,2.13092519533369,0.38329047723315757,0.2226094487703609,30
129,0.05,0.0,129,343.3619136810303,2.403749224740709,0.40130102926300953,0.23025399218796086,30
130,0.05,0.0,130,364.20126605033875,2.1126446279505533,0.3424072378853078,0.265782844301953,30
131,0.05,0.0,131,319.9043824672699,2.1073631220633797,0.35439360793115743,0.26984631397973674,30
132,0.05,0.0,132,277.5164740085602,2.3121782895687253,0.3857751327247075,0.31240006379083474,30
133,0.05,0.0,133,431.86819648742676,2.0989680905048815,0.36667342573337236,0.343310695013984,30
134,0.05,0.0,134,292.49284863471985,2.1224347879826215,0.36983544766538445,0.4419687666247919,30
135,0.05,0.0,135,401.201669216156,2.09883208274317,0.3529606720034275,0.3498039975044756,30
136,0.05,0.0,136,412.40712881088257,2.3877697728681477,0.38839216715622604,0.31490537334598223,30
137,0.05,0.0,137,293.98855996131897,2.055348972026154,0.3435743913344034,0.257504166935541,30
138,0.05,0.0,138,379.2172338962555,2.1829288858801954,0.3655093041022054,0.3431687940401673,30
139,0.05,0.0,139,396.2530074119568,2.2148269590949474,0.37350931876953813,0.31274011896734755,30
140,0.05,0.1,140,310.1978144645691,2.184598490084441,0.3509438642564538,0.33865143799063846,30
141,0.05,0.1,141,353.534220457077,2.266911342623688,0.38353344337173095,0.2946453475935846,30
142,0.05,0.1,142,362.7273840904236,2.2676548305315944,0.3680228810030671,0.34653711822333005,30
143,0.05,0.1,143,307.85537791252136,2.17023500908664,0.367641660729403,0.27149133799686803,30
144,0.05,0.1,144,270.3400058746338,2.051612700942787,0.32110229746201013,0.32723481113126435,30
145,0.05,0.1,145,345.13458347320557,2.1738619270654453,0.35490869496257166,0.33243100960220767,30
146,0.05,0.1,146,248.9794692993164,2.0658551650792982,0.34830298754679323,0.3424005466577612,30
147,0.05,0.1,147,365.7686846256256,2.206437510460012,0.3506587122814811,0.2408194311728076,30
148,0.05,0.1,148,344.58590292930603,2.393389262142531,0.3670711476308566,0.3864612089379309,30
149,0.05,0.1,149,254.00693035125732,2.0094900927636954,0.3244544844169938,0.34745819667844347,30
150,0.05,0.1,150,329.2452359199524,2.242932100793046,0.39623632709088996,0.4044471252552411,30
151,0.05,0.1,151,286.8476707935333,2.2977337875790895,0.3654620985825074,0.2781503937612181,30
152,0.05,0.1,152,317.4116678237915,2.1373567636721322,0.34723977760905084,0.4247084166450519,30
153,0.05,0.1,153,298.2245452404022,2.0513433016103777,0.3626575587439225,0.3512933906262782,30
154,0.05,0.1,154,385.40045166015625,2.2268906018371895,0.34467634442691003,0.34651201648680124,30
155,0.05,0.1,155,323.02858901023865,2.319700500715932,0.3716519793257935,0.3462115960532871,30
156,0.05,0.1,156,376.3991689682007,2.015191132105652,0.3547014862951908,0.25435488249021365,30
157,0.05,0.1,157,299.7658951282501,2.2550249494947585,0.3704882012080026,0.3827979727682626,30
158,0.05,0.1,158,319.62784361839294,2.509706674726448,0.3756138840769324,0.3022854131026372,30
159,0.05,0.1,159,320.9137759208679,2.1476973185841253,0.3415959139403956,0.3015302716737467,30
160,0.05,0.2,160,302.6658763885498,2.352854252269192,0.3623914804308468,0.2655714833612389,30
161,0.05,0.2,161,300.4190378189087,2.071736603351546,0.33626559274128515,0.3089659363286912,30
162,0.05,0.2,162,320.781268119812,2.177610954789166,0.34752670351895265,0.3724823424059742,30
163,0.05,0.2,163,339.29718804359436,2.248055959327222,0.3637298756184676,0.410417714741886,30
164,0.05,0.2,164,329.9237234592438,2.2366998288872177,0.3691631789550355,0.2872938060082399,30
165,0.05,0.2,165,293.4476041793823,2.2322715600276113,0.3551960329515616,0.3435308734428108,30
166,0.05,0.2,166,329.40995025634766,2.312741959975443,0.3835639482716344,0.34875270502977723,30
167,0.05,0.2,167,299.1850471496582,2.048045241032659,0.34277127581773126,0.36770343707509073,30
168,0.05,0.2,168,267.6208817958832,2.316816597671362,0.3670247510558809,0.41355416777666637,30
169,0.05,0.2,169,284.7745816707611,2.2054046571184673,0.37399408075617085,0.35411867587254686,30
170,0.05,0.2,170,285.0651569366455,2.1277864746456334,0.36208927810236374,0.4413385751375837,30
171,0.05,0.2,171,318.5926442146301,2.3117093370147974,0.3621864950252239,0.24999339663438827,30
172,0.05,0.2,172,271.77935791015625,2.152118178096954,0.3586690226968256,0.3979714508806753,30
173,0.05,0.2,173,299.09529733657837,2.2921948584214533,0.3661153788596371,0.36562057141886883,30
174,0.05,0.2,174,273.28112053871155,2.2718991094112737,0.35851939482889333,0.3616582930736802,30
175,0.05,0.2,175,291.7986550331116,2.3530810812578835,0.3782665540270192,0.4386284162395951,30
176,0.05,0.2,176,309.81424951553345,2.28289010481377,0.3761414019237986,0.4236570776072732,30
177,0.05,0.2,177,291.1646227836609,2.0936982950494167,0.32234360129148887,0.29468542421101096,30
178,0.05,0.2,178,253.20576858520508,1.9575873387253484,0.3201199400847424,0.2779066231920663,30
179,0.05,0.2,179,265.4184365272522,2.4663452605129645,0.371029827386311,0.3757000455742638,30
180,0.075,0.0,180,318.4731059074402,2.1922425271747104,0.3684449357567544,0.30330429262647907,30
181,0.075,0.0,181,395.611780166626,2.194376711336692,0.37697172371386345,0.42309588058366526,30
182,0.075,0.0,182,416.5188179016113,2.087372736597512,0.3734832787776058,0.3186874293020894,30
183,0.075,0.0,183,369.600953578949,2.1329267164810553,0.35767366276020063,0.40045481731976995,30
184,0.075,0.0,184,362.6399049758911,2.125155773065182,0.37419137186180235,0.271151020577064,30
185,0.075,0.0,185,357.6816072463989,2.2150958374018934,0.38046673519586083,0.3149451714308112,30
186,0.075,0.0,186,388.8853611946106,2.1851705392901444,0.39116736144339653,0.4132581997070031,30
187,0.075,0.0,187,367.5458405017853,2.225749987950056,0.38713310956665586,0.2871140940164945,30
188,0.075,0.0,188,362.3458092212677,2.1215657723713046,0.3677127696907145,0.33797635638631096,30
189,0.075,0.0,189,382.5210213661194,2.282168622165217,0.3962551920952582,0.4498481715877444,30
190,0.075,0.0,190,363.95981645584106,2.124201034657943,0.3672215034070418,0.3392426950926488,30
191,0.075,0.0,191,354.6063196659088,2.29220771037754,0.4038045605593776,0.33679454829596384,30
192,0.075,0.0,192,383.43847131729126,2.2055606003703274,0.37414581718052387,0.24496920047909793,30
193,0.075,0.0,193,392.6731629371643,2.1216995086236965,0.36634957216898667,0.38775683339805306,30
194,0.075,0.0,194,367.89793038368225,2.1328486324701217,0.3747994544505369,0.35590198230285175,30
195,0.075,0.0,195,289.39631819725037,2.3228894237995217,0.3877847632572198,0.29027959735592745,30
196,0.075,0.0,196,394.9317982196808,2.138894832853392,0.3630748134976795,0.3005606153464828,30
197,0.075,0.0,197,356.73851919174194,2.2309020271412816,0.3820823478793256,0.3112666759281149,30
198,0.075,0.0,198,414.2893512248993,2.072367402720598,0.3711048966138382,0.5732360145546764,30
199,0.075,0.0,199,385.457319021225,2.2948827660197213,0.37331812767337696,0.2557832663348768,30
200,0.075,0.1,200,356.05875754356384,2.1193083534939143,0.3631913523973519,0.3145541235369974,30
201,0.075,0.1,201,347.25854778289795,2.208358455708834,0.37308921345554397,0.37462969591603335,30
202,0.075,0.1,202,319.9385244846344,2.096514267507318,0.3513763679142045,0.3536204774142601,30
203,0.075,0.1,203,320.187381029129,2.331655198891298,0.39266837156882234,0.3015875133027218,30
204,0.075,0.1,204,333.81254863739014,2.319994804770573,0.40286356400172946,0.36577868742746644,30
205,0.075,0.1,205,316.4768614768982,2.1368134781735146,0.3717107983064259,0.3563258930037839,30
206,0.075,0.1,206,252.9087245464325,2.28196236003416,0.37506284786009403,0.4263229633990325,30
207,0.075,0.1,207,354.6882395744324,2.1827805530080235,0.3609628905983529,0.25354297354075117,30
208,0.075,0.1,208,300.26136541366577,2.3426789557635344,0.37855854967324887,0.3856411277973011,30
209,0.075,0.1,209,286.6851873397827,2.2314745187696112,0.3818588605336484,0.32175548499998263,30
210,0.075,0.1,210,314.40544152259827,2.076495439271103,0.3607581519348123,0.4226897626596447,30
211,0.075,0.1,211,390.6857409477234,2.341504242476988,0.383656589906126,0.33615842665410295,30
212,0.075,0.1,212,325.505277633667,2.3233906951815686,0.3884247492502679,0.37582116965626927,30
213,0.075,0.1,213,348.6186316013336,2.2043304591185247,0.36748026574771886,0.3764830140015009,30
214,0.075,0.1,214,392.97823095321655,2.3299173341294175,0.3950826097465221,0.425738688909322,30
215,0.075,0.1,215,369.2680311203003,2.1867046081153383,0.378664491662945,0.3533970792211367,30
216,0.075,0.1,216,365.2925670146942,2.256003612891933,0.3874075931318514,0.5043627642509106,30
217,0.075,0.1,217,280.58206033706665,2.2273784804556924,0.37903000302607115,0.42307086515766235,30
218,0.075,0.1,218,293.7604947090149,2.2751947348926262,0.36741365912980917,0.445045875926952,30
219,0.075,0.1,219,319.73097562789917,1.9983173262729885,0.33481074216947726,0.23205181991399457,30
220,0.075,0.2,220,218.32827425003052,2.3699828357352164,0.38961665055444145,0.46203657335212633,30
221,0.075,0.2,221,329.7125358581543,2.3224728781401067,0.3806975732300665,0.37014174874383354,30
222,0.075,0.2,222,298.4260036945343,2.3899073797709165,0.37689697003289613,0.4397157417176109,30
223,0.075,0.2,223,363.5025632381439,2.1849026918569927,0.36933657094237365,0.43760746190590544,30
224,0.075,0.2,224,346.32764863967896,2.372012076253545,0.40454573809858557,0.25750660306862516,30
225,0.075,0.2,225,270.28068590164185,2.229515317923731,0.37258992413939884,0.374318163939134,30
226,0.075,0.2,226,316.89686465263367,2.40040648974788,0.369476001202092,0.3594876584880208,30
227,0.075,0.2,227,295.1219115257263,2.3356359835581544,0.3979267118674831,0.3108325201785463,30
228,0.075,0.2,228,222.6416003704071,2.3043634747212507,0.3805647701245279,0.3938113068834943,30
229,0.075,0.2,229,318.31425762176514,2.351522490547493,0.3783182783731927,0.28441832229622743,30
230,0.075,0.2,230,274.0494680404663,2.4777495325613694,0.4006055768478858,0.38049235117189173,30
231,0.075,0.2,231,234.22495222091675,2.333611357471524,0.4169791690679114,0.4523272904174761,30
232,0.075,0.2,232,294.32443714141846,2.318179851511215,0.37060674369898483,0.38965961130225923,30
233,0.075,0.2,233,261.5929205417633,2.4643685696749977,0.3930601496660533,0.27268828940660056,30
234,0.075,0.2,234,293.658203125,2.1890501007532532,0.36942740431368687,0.3943003877506348,30
235,0.075,0.2,235,295.28092980384827,2.25278857652378,0.35614619009377657,0.4698318365753873,30
236,0.075,0.2,236,272.53368067741394,2.45718576044732,0.3968372789482638,0.3579930149594863,30
237,0.075,0.2,237,228.45368647575378,2.484803027238932,0.38348303023986546,0.4141202357031333,30
238,0.075,0.2,238,284.87132501602173,2.212686319338826,0.3561720280878164,0.4129068631429215,30
239,0.075,0.2,239,273.22535371780396,2.048490956482621,0.352100732623033,0.3922256541795943,30
240,0.1,0.0,240,420.18982672691345,2.1579274675842606,0.40702496869962246,0.3766480119259269,30
241,0.1,0.0,241,385.47939896583557,2.0586747299882484,0.3862642586668654,0.3802345151445983,30
242,0.1,0.0,242,367.5843913555145,2.1703068999223363,0.38388139357230444,0.2657191475926316,30
243,0.1,0.0,243,354.4662113189697,2.096160463169425,0.3847381226243886,0.35994312513084364,30
244,0.1,0.0,244,394.66496562957764,2.009846380625158,0.3656305272766975,0.2871033262982959,30
245,0.1,0.0,245,374.75972986221313,2.0833529973448073,0.38561143255688707,0.33278963694932817,30
246,0.1,0.0,246,331.3114712238312,2.0119941816219793,0.37707593302791054,0.3810812902200896,30
247,0.1,0.0,247,368.3610656261444,2.0721183194950297,0.35628713690729075,0.33945234102685024,30
248,0.1,0.0,248,404.81499004364014,2.15283833927193,0.39223992512384814,0.3197944883817576,30
249,0.1,0.0,249,292.69676518440247,2.142241825557632,0.38044094707181414,0.3368481688911886,30
250,0.1,0.0,250,377.78203678131104,2.1355430003406437,0.39421420169713156,0.2767985780628229,30
251,0.1,0.0,251,328.88514256477356,2.229002579406941,0.40183181479650265,0.3796690441518608,30
252,0.1,0.0,252,351.35699129104614,2.192189276605289,0.40029501345321494,0.4247483575909218,30
253,0.1,0.0,253,367.78779458999634,1.967802763379328,0.3677146368102856,0.4264639422972115,30
254,0.1,0.0,254,408.08608841896057,2.0946989234631572,0.3711957881798382,0.28561196482088563,30
255,0.1,0.0,255,402.7341842651367,2.322985592325168,0.3904307400647681,0.41319704122319356,30
256,0.1,0.0,256,299.9276051521301,2.235670708463002,0.38330436718623967,0.3367641281166586,30
257,0.1,0.0,257,371.157044172287,2.0904131358531535,0.37954833144284644,0.36444238868173506,30
258,0.1,0.0,258,284.20862650871277,2.2357672939659867,0.3917613101483455,0.3144832046188217,30
259,0.1,0.0,259,302.4909873008728,2.22797130998328,0.383231886576253,0.3707056001091226,30
260,0.1,0.1,260,347.3023450374603,2.1565903380252505,0.3611945098924,0.3547529047962123,30
261,0.1,0.1,261,316.6194062232971,2.303959881902127,0.40888092250660224,0.3447739171345362,30
262,0.1,0.1,262,392.2228584289551,1.8771425772674561,0.34725567255469175,0.27569639926641226,30
263,0.1,0.1,263,346.2804162502289,2.02122410339121,0.36219915191895397,0.30791533311061003,30
264,0.1,0.1,264,336.2727210521698,2.089287246162354,0.3962078408357028,0.3593856785578186,30
265,0.1,0.1,265,344.46293663978577,2.1827567573864206,0.38536836516369327,0.29910373056353945,30
266,0.1,0.1,266,415.72575211524963,2.0507395050928805,0.37059398519484715,0.31719397757540063,30
267,0.1,0.1,267,308.7252867221832,2.244784648880168,0.3913095760956795,0.4016264522542206,30
268,0.1,0.1,268,255.7827546596527,2.3209393308628474,0.415946742013862,0.3579907752013627,30
269,0.1,0.1,269,365.0914890766144,2.2752851327919434,0.39726255332343285,0.43654609025771823,30
270,0.1,0.1,270,282.8127131462097,2.1631373995381464,0.3900480103257846,0.4573202720257428,30
271,0.1,0.1,271,313.65765619277954,2.191764889463204,0.37876976070646073,0.38415248423080683,30
272,0.1,0.1,272,373.1613013744354,2.312270140094366,0.38009066858995105,0.41270134151648646,30
273,0.1,0.1,273,370.80974817276,2.041934030285202,0.37295092459298906,0.4748781033939096,30
274,0.1,0.1,274,299.4498679637909,2.2803749452389193,0.38110516332281447,0.25444714219416675,30
275,0.1,0.1,275,318.02249789237976,2.1136659234363315,0.3593205939808466,0.33736434939351206,30
276,0.1,0.1,276,357.22813415527344,2.258750871965695,0.381757639157413,0.346478460604176,30
277,0.1,0.1,277,332.5980055332184,2.137198248032383,0.39204616773519696,0.41248471024723254,30
278,0.1,0.1,278,280.0546796321869,2.087304322245582,0.3726946691057769,0.3864599470878165,30
279,0.1,0.1,279,295.83753418922424,2.1325978208644405,0.3552747268469378,0.23341609531656052,30
280,0.1,0.2,280,257.3680818080902,2.2658949815050446,0.3916095549831669,0.36983651312852034,30
281,0.1,0.2,281,282.38584423065186,2.1337755916130754,0.3843416743026013,0.39749412464008527,30
282,0.1,0.2,282,292.6982333660126,2.163760010941602,0.36901781399931755,0.29592710010976986,30
283,0.1,0.2,283,291.1247413158417,2.159240536438615,0.37919418006306166,0.46814244218619205,30
284,0.1,0.2,284,276.53307366371155,2.182475515139891,0.4008139388412791,0.3782921387067926,30
285,0.1,0.2,285,298.7020981311798,2.202797070267823,0.3960628948599672,0.32003171827388016,30
286,0.1,0.2,286,245.6991786956787,2.1885009513857963,0.3822210706588974,0.296613219110589,30
287,0.1,0.2,287,303.93510580062866,2.1620234203195112,0.34326413097533165,0.4025837704146813,30
288,0.1,0.2,288,292.1557092666626,2.477550231098223,0.3894881729672533,0.31221161851593227,30
289,0.1,0.2,289,238.56777787208557,2.2178093110435997,0.3840640488323248,0.5389077858223584,30
290,0.1,0.2,290,225.14856791496277,2.1901316320228528,0.33398033584109804,0.3822761052696929,30
291,0.1,0.2,291,246.30303311347961,2.1264917292142944,0.3760327574808763,0.2982805906480138,30
292,0.1,0.2,292,325.241592168808,2.1461959987604278,0.3722353232629465,0.3963225560960389,30
293,0.1,0.2,293,203.16942238807678,2.2064699888862673,0.3642790960964671,0.3976012391898798,30
294,0.1,0.2,294,316.61573553085327,2.1914603492598603,0.38065451395110605,0.43584988984365874,30
295,0.1,0.2,295,336.02503871917725,2.235859330976943,0.36660032719144536,0.42466478496072746,30
296,0.1,0.2,296,225.87156701087952,2.189761755011046,0.3758260520789855,0.205946026765339,30
297,0.1,0.2,297,291.4952850341797,2.3240214420086343,0.3553610076876594,0.3364680272442912,30
298,0.1,0.2,298,331.49059772491455,2.207787244418397,0.4235474346700447,0.3636019980575144,30
299,0.1,0.2,299,311.9398798942566,2.197083568443663,0.36318396392006863,0.4099598540038869,30
300,0.125,0.0,300,327.30581545829773,2.0874200204993496,0.39028493879664944,0.3795081535438606,30
301,0.125,0.0,301,363.9192135334015,1.9728579244517572,0.36429154204171627,0.3740079312479454,30
302,0.125,0.0,302,314.26067757606506,2.211312477406023,0.38003204058662987,0.35576736364340694,30
303,0.125,0.0,303,366.7389633655548,2.139361237747629,0.39510641502521815,0.2998209980092785,30
304,0.125,0.0,304,404.122585773468,2.1825682881942767,0.3798520100854882,0.34590444997114045,30
305,0.125,0.0,305,380.32622027397156,2.0311530736470154,0.35142732206184907,0.31645982234926834,30
306,0.125,0.0,306,323.83497309684753,1.9571256352197404,0.365270605162154,0.3478787418594135,30
307,0.125,0.0,307,347.7532525062561,1.9126050204321998,0.3624593696478456,0.38846384078188295,30
308,0.125,0.0,308,325.382657289505,2.0774098346170367,0.3982501154105399,0.27782088659609494,30
309,0.125,0.0,309,330.3054881095886,2.1371851513993336,0.40439576698294877,0.39928402835775734,30
310,0.125,0.0,310,350.65636587142944,1.8847100282544,0.36919353900544366,0.3746743038226815,30
311,0.125,0.0,311,372.05034160614014,2.103347371701866,0.38775767745664014,0.38803499710461453,30
312,0.125,0.0,312,287.551864862442,2.144935886456561,0.3815119140328472,0.38451670532815574,30
313,0.125,0.0,313,360.2122118473053,2.045783443141107,0.3903035583968694,0.44763502033992253,30
314,0.125,0.0,314,361.5119512081146,2.221401494818493,0.4129822323741966,0.38999906126937,30
315,0.125,0.0,315,389.4678406715393,2.1241849785361224,0.3894074814164887,0.39421202429206753,30
316,0.125,0.0,316,460.0186491012573,1.8654864771796869,0.3551369589635686,0.47135496797392523,30
317,0.125,0.0,317,371.6673471927643,1.8730284894166516,0.366864429439579,0.35530264383759486,30
318,0.125,0.0,318,455.59220838546753,2.00665001936544,0.3566700292053407,0.31333865580166137,30
319,0.125,0.0,319,380.86086678504944,1.8556911625273034,0.3530824710476952,0.3295475764243742,30
320,0.125,0.1,320,348.18808126449585,2.131029059337607,0.3823972424250729,0.5120951648245711,30
321,0.125,0.1,321,285.5823562145233,2.0320884034611297,0.3697294384605452,0.40165595268382387,30
322,0.125,0.1,322,363.586056470871,1.9204650264040932,0.3590700445320042,0.4096764579178544,30
323,0.125,0.1,323,380.9815409183502,1.9960675746499297,0.3640104624879107,0.3134161263626636,30
324,0.125,0.1,324,264.31556034088135,2.177604741942281,0.3983302492979026,0.4046640572443318,30
325,0.125,0.1,325,399.5486698150635,2.0120646275266787,0.3730806265979042,0.44599834165260543,30
326,0.125,0.1,326,288.57803082466125,1.8317350213652537,0.34469658290114447,0.2555364420711827,30
327,0.125,0.1,327,370.7025058269501,2.1141445339606832,0.3981991870175741,0.27260882603283965,30
328,0.125,0.1,328,301.3165979385376,2.0858419865261197,0.36552280899340833,0.3366101955698328,30
329,0.125,0.1,329,358.3399062156677,1.9738599108940698,0.35649121379338317,0.31008565857034887,30
330,0.125,0.1,330,281.15013575553894,2.046740801138074,0.3812454851279519,0.3397932438370079,30
331,0.125,0.1,331,274.4009258747101,2.1627871560748644,0.36246326690700176,0.3145531802296227,30
332,0.125,0.1,332,356.89507508277893,2.165664564422067,0.3860589068267763,0.3794652776067249,30
333,0.125,0.1,333,350.2719156742096,2.0796891647991824,0.3948051623744587,0.348048463131959,30
334,0.125,0.1,334,225.5508327484131,1.853128572556127,0.3653703082441818,0.22713723298149824,30
335,0.125,0.1,335,309.87309098243713,2.18295340481279,0.4004723688076085,0.363571805447224,30
336,0.125,0.1,336,357.74924898147583,2.0068086462760744,0.3645914774658171,0.40360575483289685,30
337,0.125,0.1,337,269.62214946746826,2.1488287440297027,0.40174760837697626,0.3674408289452241,30
338,0.125,0.1,338,348.7477033138275,2.2634815721391486,0.3830262088477687,0.24287108434545418,30
339,0.125,0.1,339,346.6380796432495,2.080478961686339,0.36193810618072936,0.3228221896480642,30
340,0.125,0.2,340,322.53531885147095,2.1290576489290625,0.4085411535998226,0.31011020550319557,30
341,0.125,0.2,341,201.91649961471558,2.281878067275638,0.39845045326847006,0.45102780727399255,30
342,0.125,0.2,342,310.84027123451233,2.1720590255873486,0.3717777960615992,0.34507907243779357,30
343,0.125,0.2,343,337.468364238739,2.1309597916261205,0.3674041353322418,0.30152313209267373,30
344,0.125,0.2,344,320.63864493370056,2.1267388775451637,0.37409782204136277,0.4577946030965867,30
345,0.125,0.2,345,348.7790787220001,1.9572927444459818,0.3499497623527525,0.37038894705359543,30
346,0.125,0.2,346,323.96839141845703,2.1559178959474172,0.3833661309061516,0.5521353579073943,30
347,0.125,0.2,347,294.6302578449249,1.9941517066776906,0.3396502189799597,0.4636156429794919,30
348,0.125,0.2,348,197.43785572052002,2.0755670981592833,0.3507119789413363,0.4071834759767814,30
349,0.125,0.2,349,213.1812937259674,2.087385049877344,0.37194871259651663,0.41044733222368657,30
350,0.125,0.2,350,194.70529532432556,1.8794956161674958,0.32836151916041845,0.42185532151786476,30
351,0.125,0.2,351,194.04116034507751,2.2539234465228173,0.3890555654518049,0.3846872727153884,30
352,0.125,0.2,352,332.27582240104675,2.050096048484203,0.3458944792570189,0.39612188920577446,30
353,0.125,0.2,353,363.2946650981903,2.1760923994029513,0.3754084466205275,0.3381180541195329,30
354,0.125,0.2,354,220.0810627937317,1.9687930483117042,0.3077401773934745,0.34532539108020477,30
355,0.125,0.2,355,264.73153614997864,2.1056892267855565,0.3690895245834257,0.4372266464595892,30
356,0.125,0.2,356,260.4099009037018,2.1321605319587613,0.39635480363703646,0.39701412528165847,30
357,0.125,0.2,357,324.5054454803467,1.9959887103990623,0.3535307355791121,0.3770608044377436,30
358,0.125,0.2,358,248.9543159008026,2.2134935723160165,0.3984349470126663,0.4228818626242655,30
359,0.125,0.2,359,360.0081694126129,2.2692415950948384,0.38630297200893726,0.3921226098526595,30
360,0.15,0.0,360,422.7019724845886,2.0286088943274287,0.37081750751548276,0.32067070997943514,30
361,0.15,0.0,361,312.5079655647278,1.8249884773015865,0.3449415320719029,0.389324829749768,30
362,0.15,0.0,362,351.87183928489685,1.9998785271486283,0.36724241088341325,0.37233089922512985,30
363,0.15,0.0,363,382.30734181404114,1.8455112472883086,0.3453731613354059,0.49895667392005,30
364,0.15,0.0,364,300.00997591018677,2.107054738641683,0.39777133620018185,0.40202922587409334,30
365,0.15,0.0,365,389.0683128833771,2.090853220251289,0.39725494682075363,0.3292298027534123,30
366,0.15,0.0,366,340.8707733154297,1.7969489934376368,0.34320127831589253,0.3731698272524798,30
367,0.15,0.0,367,395.13407611846924,2.0676356225789445,0.39043219466357937,0.5522248856241507,30
368,0.15,0.0,368,431.5258729457855,2.1729092534852006,0.3999307481690938,0.3740739996737368,30
369,0.15,0.0,369,299.72588753700256,1.9059200050402734,0.35894850895582586,0.39917990613618204,30
370,0.15,0.0,370,363.3723828792572,2.014134853022567,0.3914548532471384,0.24799094487116152,30
371,0.15,0.0,371,395.09259510040283,1.8806743259922116,0.374708735622375,0.3115270881085882,30
372,0.15,0.0,372,400.857958316803,1.9649571373413959,0.3669369946833422,0.29923527901109176,30
373,0.15,0.0,373,267.36334919929504,1.9532814966077168,0.35616494710878904,0.45010612096782826,30
374,0.15,0.0,374,284.5341556072235,1.9083921008275424,0.34264740244436404,0.3434909802462887,30
375,0.15,0.0,375,419.02901339530945,2.133412673818529,0.40752558078207907,0.3570625456136124,30
376,0.15,0.0,376,361.9640564918518,1.8460343189994621,0.3690420870219585,0.28963128274563915,30
377,0.15,0.0,377,348.3419756889343,1.9555736937689705,0.3460512727167713,0.27815577156626486,30
378,0.15,0.0,378,383.80896830558777,1.9069020759827686,0.36022581587232083,0.3611059642325989,30
379,0.15,0.0,379,416.66194224357605,1.8991983538135113,0.3684864684446227,0.36946341017153284,30
380,0.15,0.1,380,376.90783739089966,2.2912941636255595,0.42086549101120024,0.4215714865060994,30
381,0.15,0.1,381,332.78577184677124,2.1071633884913354,0.38993376058577617,0.3632078578209552,30
382,0.15,0.1,382,374.4489908218384,1.7887297325275526,0.3276728335088961,0.37657041905229227,30
383,0.15,0.1,383,292.40328192710876,1.9326952993668616,0.3727337860784894,0.34060438603859494,30
384,0.15,0.1,384,239.43987941741943,1.950776621204744,0.3492433587062016,0.40982382775884046,30
385,0.15,0.1,385,244.44878363609314,2.061417536305153,0.36433077957665777,0.3342915397818306,30
386,0.15,0.1,386,227.4418294429779,1.9971713513557554,0.3441906757679892,0.3400764627491605,30
387,0.15,0.1,387,347.8493802547455,1.9766318953136446,0.35288633348369625,0.3145027821200373,30
388,0.15,0.1,388,241.94878101348877,1.9155555511725109,0.3760461923601531,0.39145624128035234,30
389,0.15,0.1,389,302.46697473526,2.085452483682236,0.3705509642337047,0.4469056200904826,30
390,0.15,0.1,390,324.50290179252625,2.100793053489608,0.37531675252874314,0.3632301412438132,30
391,0.15,0.1,391,283.0817654132843,1.961610072891625,0.34720950358043506,0.374927100373063,30
392,0.15,0.1,392,371.75738644599915,2.05386987517829,0.3757578887195857,0.3715404801493628,30
393,0.15,0.1,393,398.7155556678772,1.9627336632024657,0.3499167207337393,0.31578274405481827,30
394,0.15,0.1,394,246.85165667533875,2.026747428168547,0.3702285590310848,0.41661930496799454,30
395,0.15,0.1,395,361.8480453491211,1.9243558860283974,0.35545649266093393,0.4384725134058997,30
396,0.15,0.1,396,399.4011113643646,1.922749008815635,0.37029100297093576,0.3100465486823826,30
397,0.15,0.1,397,318.95743918418884,1.90595575967865,0.358953249660993,0.3713638077078223,30
398,0.15,0.1,398,330.3254599571228,1.8580408021933197,0.3337304247804807,0.3471177222060397,30
399,0.15,0.1,399,298.32535314559937,2.0769100984862465,0.38201388036159584,0.2626471237163029,30
400,0.15,0.2,400,290.2445182800293,1.8366428312656582,0.33327062650349937,0.4393343911427737,30
401,0.15,0.2,401,338.025949716568,1.9238237509635652,0.362737328041527,0.38441428738977357,30
402,0.15,0.2,402,290.7849988937378,2.0364524801261696,0.3556713126418325,0.5286421018349219,30
403,0.15,0.2,403,362.9483571052551,1.9242315709192195,0.328457703590218,0.3244957750547121,30
404,0.15,0.2,404,331.46450781822205,2.0774232248263433,0.3934770649507573,0.3521914403920383,30
405,0.15,0.2,405,252.46818709373474,1.9762962918999136,0.36659259730384713,0.1987949005244691,30
406,0.15,0.2,406,211.23601913452148,2.1017681886053614,0.3715682752947655,0.40444949705000427,30
407,0.15,0.2,407,341.1492428779602,1.8257691349135643,0.33716087747431794,0.340519210995818,30
408,0.15,0.2,408,280.26362013816833,2.0152784401825117,0.38984722504240904,0.411005158125057,30
409,0.15,0.2,409,342.93609738349915,1.9326443989108608,0.33989961282512426,0.4631838155217942,30
410,0.15,0.2,410,257.32729935646057,1.9634650808436687,0.342117036101985,0.43373180238795156,30
411,0.15,0.2,411,196.35435676574707,2.0499078346913233,0.38258681183717735,0.3027132701346739,30
412,0.15,0.2,412,314.76353573799133,2.1859329354364774,0.39816133183443353,0.3946001166085768,30
413,0.15,0.2,413,281.55665469169617,1.9684702445378548,0.3519409206284409,0.3490379216802954,30
414,0.15,0.2,414,314.40810465812683,1.847731012908577,0.3363576996975364,0.34403223394367377,30
415,0.15,0.2,415,343.6214179992676,2.069379862263015,0.3895504931150379,0.5299742273198162,30
416,0.15,0.2,416,222.29291367530823,1.9923307422554446,0.3532156213844684,0.4968542589385124,30
417,0.15,0.2,417,315.3138234615326,1.93639865290782,0.35223597022662,0.3651936451058266,30
418,0.15,0.2,418,344.33495712280273,1.8945887751924197,0.3355912329647561,0.5907550131198761,30
419,0.15,0.2,419,226.43160891532898,1.9877619924156897,0.34266485252464857,0.4631740607885659,30
420,0.175,0.0,420,251.90419125556946,2.058317977414871,0.40073230640614393,0.455232699441481,30
421,0.175,0.0,421,271.09562134742737,1.8416732648800165,0.3545675718809788,0.45888130827819495,30
422,0.175,0.0,422,359.06885957717896,1.7731818064087643,0.3364212243211817,0.31221268581498784,30
423,0.175,0.0,423,304.9824068546295,1.910675268130839,0.36893540096043725,0.31413590598192404,30
424,0.175,0.0,424,420.07687187194824,1.9117240323914346,0.36904907558699107,0.40106148597621394,30
425,0.175,0.0,425,320.4304301738739,1.7586365182376784,0.3409485844860307,0.3038053786024205,30
426,0.175,0.0,426,402.90881538391113,1.7598384788074959,0.3444175259522348,0.450566842061868,30
427,0.175,0.0,427,284.672758102417,1.8986426420850269,0.3768046442941578,0.338586031383015,30
428,0.175,0.0,428,355.7593195438385,1.932125796040526,0.3938782390436662,0.4135474466924153,30
429,0.175,0.0,429,364.08503890037537,1.6823202453738368,0.33556519526463335,0.3295513559207833,30
430,0.175,0.0,430,352.06565260887146,1.716362536424342,0.3308822685103785,0.3415485098987341,30
431,0.175,0.0,431,432.30439281463623,1.9603982923599925,0.37832044170346224,0.3971406162631054,30
432,0.175,0.0,432,393.00488686561584,1.8108642022477568,0.34110348463207263,0.36888924308418514,30
433,0.175,0.0,433,359.7380967140198,1.6783905244773805,0.32446502619873907,0.38542510635606997,30
434,0.175,0.0,434,359.325886964798,1.6902767730440136,0.32528044443817167,0.4057803266954426,30
435,0.175,0.0,435,252.76978993415833,1.699523580251295,0.3491048606724906,0.29590007508743876,30
436,0.175,0.0,436,412.03725028038025,1.9280491075135378,0.34712926024184326,0.42531454543697833,30
437,0.175,0.0,437,415.93539452552795,1.7393417091823316,0.36445647364222283,0.4155187936382358,30
438,0.175,0.0,438,355.83122754096985,1.6994684593733254,0.3460623478893149,0.46819054464190946,30
439,0.175,0.0,439,386.26523423194885,1.7644653018891172,0.35312944729659823,0.4351902089035331,30
440,0.175,0.1,440,298.5980474948883,1.7120128973130884,0.34289851933868926,0.31536400452247915,30
441,0.175,0.1,441,316.81453371047974,1.7293599848353314,0.3369644002933519,0.3891054281147019,30
442,0.175,0.1,442,356.2386393547058,1.7015330245858817,0.3241289377048827,0.28287023966972674,30
443,0.175,0.1,443,309.8796384334564,1.731353038908342,0.332608854797254,0.5235004002843393,30
444,0.175,0.1,444,299.7314693927765,1.7493085197714646,0.33766025660739835,0.38949054427265284,30
445,0.175,0.1,445,368.01139068603516,1.7702249534168017,0.34405488675708706,0.2983955767827852,30
446,0.175,0.1,446,372.17192792892456,1.7896586892158093,0.34449042958446785,0.3656867236298788,30
447,0.175,0.1,447,345.8626809120178,1.8453054468221428,0.34201579445467456,0.4240958751187856,30
448,0.175,0.1,448,303.55622124671936,1.9777019385941064,0.34761443057177716,0.40055988657988895,30
449,0.175,0.1,449,383.1733250617981,1.7523818628970702,0.3214544529409721,0.4008226401860964,30
450,0.175,0.1,450,315.5071141719818,1.8074988620231283,0.3484453607197322,0.33787012012013784,30
451,0.175,0.1,451,340.4742956161499,1.9035112574420918,0.3567012701701095,0.3868014346126429,30
452,0.175,0.1,452,321.5940020084381,1.875651035759312,0.3592395247766939,0.4238557847450068,30
453,0.175,0.1,453,368.6569652557373,1.846336343574365,0.3533138829950923,0.3319929969381677,30
454,0.175,0.1,454,352.9491651058197,1.8735336775729936,0.3359220690241242,0.330910996373639,30
455,0.175,0.1,455,269.8498179912567,1.9559698315424245,0.37600976003341635,0.4153452063592201,30
456,0.175,0.1,456,267.97570967674255,1.8383977985327429,0.3453462431554285,0.3631878781886235,30
457,0.175,0.1,457,285.66944575309753,1.7823011405879914,0.3497180414444508,0.46921054621563496,30
458,0.175,0.1,458,308.75285148620605,1.7480630857211328,0.3419717527505355,0.4607172950982171,30
459,0.175,0.1,459,306.61759853363037,1.953020410787278,0.3700997473555508,0.5455027881647181,30
460,0.175,0.2,460,320.3331651687622,1.945634002349475,0.3474164085216069,0.3523662416317481,30
461,0.175,0.2,461,317.83504128456116,2.018462422604452,0.36917117292082036,0.41621389997501024,30
462,0.175,0.2,462,273.95360231399536,1.913858825954882,0.352321683118371,0.48150449743052776,30
463,0.175,0.2,463,300.73744010925293,1.9164141791470346,0.3782549209232278,0.3878049710792465,30
464,0.175,0.2,464,261.3481650352478,1.786308208580578,0.3270234986920461,0.48739739490881606,30
465,0.175,0.2,465,311.52767753601074,1.873600623554761,0.3293773797751067,0.4623422829135971,30
466,0.175,0.2,466,303.4941940307617,1.9192826283569415,0.3690615835889444,0.39799208205418873,30
467,0.175,0.2,467,287.0136487483978,1.962678422034527,0.35675977079824767,0.49132010360720063,30
468,0.175,0.2,468,310.14717531204224,1.9053180385165094,0.35077185481367834,0.4804658116095985,30
469,0.175,0.2,469,270.6082355976105,1.7415369781772818,0.33236205525137463,0.31732976361490234,30
470,0.175,0.2,470,324.37087631225586,1.9836639224212498,0.37599401558180917,0.38997767709372777,30
471,0.175,0.2,471,271.7106604576111,1.794271260053133,0.33077884863066265,0.2518400720106163,30
472,0.175,0.2,472,318.5069396495819,2.0321529647644176,0.3674576619926224,0.46077582609626355,30
473,0.175,0.2,473,261.03827357292175,1.755972602938187,0.32378655921390187,0.298046615737449,30
474,0.175,0.2,474,209.47847390174866,1.9140774869402086,0.36059706874877095,0.4193250531587031,30
475,0.175,0.2,475,247.46952080726624,1.8363093066756078,0.3415143784710316,0.31145345212274583,30
476,0.175,0.2,476,314.7316403388977,2.0460273608346813,0.3648431088596339,0.3310387499943626,30
477,0.175,0.2,477,309.0105438232422,2.005025996861902,0.34953871619198784,0.3979881794277264,30
478,0.175,0.2,478,291.19578742980957,1.8320411444762605,0.3497381280599376,0.4794661207346416,30
479,0.175,0.2,479,317.852650642395,1.7785518238107523,0.3342064733029743,0.4937447805979713,30
480,0.2,0.0,480,368.8158974647522,1.8028465096437127,0.34625882261842794,0.3383162418087129,30
481,0.2,0.0,481,456.0789575576782,1.6084457904806146,0.3306679347652516,0.33585740146441406,30
482,0.2,0.0,482,377.87496852874756,1.5246699981111953,0.30607227752003013,0.3546086234973507,30
483,0.2,0.0,483,388.0822424888611,1.660515668269572,0.31860838874368447,0.24119351783821058,30
484,0.2,0.0,484,300.02386713027954,1.736200939275587,0.34073009614457117,0.35772674000611604,30
485,0.2,0.0,485,349.0837423801422,1.7139935382071172,0.3428364490759338,0.44060880195867036,30
486,0.2,0.0,486,397.9583697319031,1.748805657536545,0.34450570750954274,0.4142062915121078,30
487,0.2,0.0,487,345.56359577178955,1.66501291126,0.32989043928388107,0.31428403755686624,30
488,0.2,0.0,488,354.45847511291504,1.5514174410255777,0.31548540667925284,0.4635094676289418,30
489,0.2,0.0,489,399.838746547699,1.6922680929181495,0.3462159919535154,0.3249252911336894,30
490,0.2,0.0,490,437.10584020614624,1.6663262646692023,0.3550232379647709,0.3450199690049861,30
491,0.2,0.0,491,369.2217950820923,1.608606580087809,0.312924247578621,0.5273706340679976,30
492,0.2,0.0,492,304.6614077091217,1.611693342656693,0.3213129300453105,0.4539921980077886,30
493,0.2,0.0,493,417.0274248123169,1.5913164578703423,0.3372797203641986,0.402061224034287,30
494,0.2,0.0,494,401.4646644592285,1.7005222386127201,0.3332664218746701,0.4925706967307576,30
495,0.2,0.0,495,408.58552145957947,1.7116329177588259,0.3520661418333083,0.47761776037913184,30
496,0.2,0.0,496,428.5757534503937,1.6646225346815462,0.33530613198439346,0.47107243529364096,30
497,0.2,0.0,497,396.3021161556244,1.7110077450037031,0.34298683815135017,0.46496424156908417,30
498,0.2,0.0,498,355.69017457962036,1.6837377204178936,0.32955277331435934,0.3344286224091448,30
499,0.2,0.0,499,444.50091648101807,1.8697983775773315,0.3622145744053178,0.43583892098435334,30
500,0.2,0.1,500,242.73395562171936,1.6195684921726,0.3230067342376368,0.467607121236017,30
501,0.2,0.1,501,320.36876678466797,1.7186610512787899,0.3245778104925855,0.39121736587371625,30
502,0.2,0.1,502,272.62553572654724,1.7557681002142664,0.36056360279540584,0.3957009066609704,30
503,0.2,0.1,503,373.03715205192566,1.768809084860532,0.3693592493863704,0.38823206106558966,30
504,0.2,0.1,504,300.76594495773315,1.6661246147107687,0.3588907781994917,0.41394331442187954,30
505,0.2,0.1,505,309.28447556495667,1.761263338744019,0.3173734893660725,0.35248332317345077,30
506,0.2,0.1,506,404.41096091270447,1.7313248911267305,0.3527237485700051,0.3825662750796261,30
507,0.2,0.1,507,295.4109137058258,1.8020932029677335,0.32636701061974854,0.3829333146010313,30
508,0.2,0.1,508,243.89219975471497,1.7084980053544954,0.3276429630822634,0.32440915746904786,30
509,0.2,0.1,509,264.4422297477722,1.6855690087440283,0.3145372261382759,0.42740680274179715,30
510,0.2,0.1,510,306.5088336467743,1.930749003582961,0.3724870805466906,0.3228299219105739,30
511,0.2,0.1,511,248.4096703529358,1.8412711604384817,0.34549600506041717,0.4077601908901414,30
512,0.2,0.1,512,247.87852001190186,1.7597361276790542,0.35163620144716623,0.3424919203206062,30
513,0.2,0.1,513,360.43609952926636,1.7900801583162624,0.3440396124371497,0.3457467402228309,30
514,0.2,0.1,514,362.74999809265137,1.716036287769025,0.32613156893677075,0.3226208921304293,30
515,0.2,0.1,515,347.4995768070221,1.7642299495910774,0.3385750470156595,0.33032086387603565,30
516,0.2,0.1,516,237.75284934043884,1.6905227695211347,0.33687640199610064,0.4923238355921985,30
517,0.2,0.1,517,378.43304681777954,1.7078671537220838,0.33245548370868594,0.38780552601552837,30
518,0.2,0.1,518,265.1942503452301,1.6309018546031446,0.32007156159816413,0.47788604694237113,30
519,0.2,0.1,519,302.73790097236633,1.7677274929370264,0.3267401556013777,0.29871095273328657,30
520,0.2,0.2,520,328.6729691028595,1.9306689202794438,0.36314798636207296,0.41874706401984585,30
521,0.2,0.2,521,220.44401812553406,1.9273550058746465,0.36191007192890867,0.391248628482126,30
522,0.2,0.2,522,327.032514333725,1.7528911289930877,0.3205919644774791,0.442297298409035,30
523,0.2,0.2,523,313.4313943386078,1.8938017700779213,0.354590178496165,0.40296150869481995,30
524,0.2,0.2,524,334.35827803611755,1.813789999733839,0.35235358028318947,0.3794526583761066,30
525,0.2,0.2,525,265.11180901527405,1.7368011206500025,0.3331320565761048,0.30605711586083695,30
526,0.2,0.2,526,260.0444233417511,1.7648691432766916,0.33632731215734313,0.2908618912406339,30
527,0.2,0.2,527,303.8419346809387,1.8816607752784469,0.37496067540644384,0.47876917697955823,30
528,0.2,0.2,528,281.6191999912262,1.7204845744071793,0.32331422153565276,0.3954446185748031,30
529,0.2,0.2,529,268.7548122406006,1.845439645344627,0.32645730178119714,0.3427865499747198,30
530,0.2,0.2,530,280.5944676399231,1.7269691297355951,0.32657687865765694,0.3590500972169125,30
531,0.2,0.2,531,221.8382227420807,1.7902183239184768,0.35116174333116695,0.2549385092225656,30
532,0.2,0.2,532,219.56964421272278,1.8602584069451706,0.339374672966199,0.40638162318976634,30
533,0.2,0.2,533,280.8132965564728,1.7615013723822837,0.34374521896031146,0.4181144797237008,30
534,0.2,0.2,534,278.74188137054443,1.8078583743365115,0.3361896036474468,0.4630479439949886,30
535,0.2,0.2,535,268.73265957832336,1.8198116312603156,0.3463521306454018,0.3470713925537758,30
536,0.2,0.2,536,250.5750072002411,1.826681911054633,0.3792637390832699,0.37533522560611493,30
537,0.2,0.2,537,240.43412280082703,1.7091311855198548,0.3235437664882727,0.48653151801798944,30
538,0.2,0.2,538,237.89926600456238,1.6727846166524505,0.3207408294751285,0.41639274234694523,30
539,0.2,0.2,539,232.09830951690674,1.6804779310828581,0.3097619526500123,0.4237829296947515,30
